beam_id,title,category_main_group,category_sub_group,category,categories,address,street,city,state,borough,neighborhood,postal_code,country,address_verified,latitude,longitude,timezone,phone,price_level,business_status,has_open_hours,has_price,census_place,verified_census_city,beam_location_name,beam_state_code,beam_country_code,website_protocol,website,website_normalized,website_domain,website_domain_tld,website_domain_age,website_domain_registered,website_domain_expires,website_domain_registrar,emails_list,emails_list_website_domain,emails_count,emails_deliverable_count,emails_risky_count,description,has_about,has_description,rating,reviews_total_count,reviews_per_rating,service_options,highlights,popular_for,accessibility,offerings,dining_options,amenities,atmosphere,crowd,planning,payments,children,has_popular_times,has_website,has_email,has_social,has_phone,socials_count,first_social_post_date,last_social_post_date,first_social_post_days,last_social_post_days,social_post_count,first_social_post_days_min,first_social_post_days_max,last_social_post_days_min,last_social_post_days_max,social_profile_instagram,social_username_instagram,social_profile_facebook,social_username_facebook,social_profile_twitter,social_username_twitter,social_profile_tiktok,social_username_tiktok,social_profile_linkedin,social_username_linkedin,social_profile_youtube,social_username_youtube,social_profile_github,social_username_github,social_profile_snapchat,social_username_snapchat,social_profile_pinterest,social_username_pinterest,instagram_followers,instagram_engagement_rate,instagram_engagement_rate_1m,instagram_engagement_rate_3m,instagram_engagement_rate_6m,instagram_engagement_rate_12m,instagram_post_count,tiktok_followers,tiktok_video_count,tiktok_heart_count,tiktok_engagement_rate,tiktok_engagement_rate_1m,tiktok_engagement_rate_3m,tiktok_engagement_rate_6m,tiktok_engagement_rate_12m,menu_link,order_links,reservation_link,last_updated_at,beam_cross_social_market_penetration,beam_cross_velocity_quality,beam_cross_social_urgency,beam_cross_per_capita_engagement,beam_cross_market_saturation_lead,beam_cross_population_adjusted_rank,beam_cross_demand_gap_index,beam_rating_score,beam_review_confidence,beam_rating_health,sentiment_avg,sentiment_avg_30d,sentiment_avg_90d,sentiment_avg_180d,sentiment_avg_360d,sentiment_percentile_1km,sentiment_percentile_5km,sentiment_percentile_10km,sentiment_score_90d,sentiment_score_360d,sentiment_positive_pct_30d,sentiment_negative_pct_30d,sentiment_neutral_pct_30d,sentiment_positive_pct_90d,sentiment_negative_pct_90d,sentiment_neutral_pct_90d,sentiment_positive_pct_180d,sentiment_negative_pct_180d,sentiment_neutral_pct_180d,sentiment_positive_pct_360d,sentiment_negative_pct_360d,sentiment_neutral_pct_360d,sentiment_trend_30vs90d,sentiment_trend_90vs360d,sentiment_diff_30vs90d,sentiment_change_360d,sentiment_diff_90vs360d,sentiment_change_pct_360d,reviews_count_30d,reviews_count_90d,reviews_count_180d,reviews_count_360d,review_growth_pct_180d,review_growth_pct_360d,review_growth_pct_90d,beam_score_overall,beam_popularity_percentile,beam_social_presence,beam_data_completeness,beam_price_value,beam_data_freshness,beam_rank_city_category,beam_rank_city_overall,beam_rank_city_reviews,beam_rank_state_category,beam_rank_state_overall,beam_rank_state_reviews,beam_rank_country_category,beam_rank_country_overall,beam_rank_country_reviews,beam_rank_place_global_category,beam_rank_category,beam_rank_competition_1km_category,beam_rank_competition_1km_total,beam_rank_competition_1km_reviews,beam_rank_competition_5km_category,beam_rank_competition_5km_total,beam_rank_competition_5km_reviews,beam_rank_competition_10km_category,beam_rank_competition_10km_total,beam_rank_competition_10km_reviews,beam_export_rank,total_city_category,total_city,total_state_category,total_state,total_country_category,total_country,total_category_global,beam_competitors_10km_competitive_strength,beam_competitors_10km_competitor_avg_sentiment_30d,beam_competitors_10km_competitor_avg_sentiment_90d,beam_competitors_10km_sentiment_diff_30d,beam_competitors_10km_sentiment_diff_90d,beam_competitors_1km_competitive_strength,beam_competitors_1km_competitor_avg_sentiment_30d,beam_competitors_1km_competitor_avg_sentiment_90d,beam_competitors_1km_sentiment_diff_30d,beam_competitors_1km_sentiment_diff_90d,beam_competitors_5km_competitive_strength,beam_competitors_5km_competitor_avg_sentiment_30d,beam_competitors_5km_competitor_avg_sentiment_90d,beam_competitors_5km_sentiment_diff_30d,beam_competitors_5km_sentiment_diff_90d,beam_competitors_10km_competitor_count,beam_competitors_1km_competitor_count,beam_competitors_5km_competitor_count,beam_competitors_1km_rank_by_score,beam_competitors_1km_rank_by_rating,beam_competitors_1km_rank_by_reviews,beam_competitors_1km_score_percentile,beam_competitors_1km_rating_percentile,beam_competitors_1km_reviews_percentile,beam_competitors_1km_health_percentile,beam_competitors_1km_sentiment_percentile,beam_competitors_1km_competitor_avg_score,beam_competitors_1km_competitor_avg_rating,beam_competitors_1km_competitor_avg_reviews,beam_competitors_1km_competitor_avg_health,beam_competitors_1km_competitor_avg_sentiment,beam_competitors_1km_score_diff,beam_competitors_1km_rating_diff,beam_competitors_1km_reviews_diff,beam_competitors_1km_health_diff,beam_competitors_1km_sentiment_diff,beam_competitors_5km_rank_by_score,beam_competitors_5km_rank_by_rating,beam_competitors_5km_rank_by_reviews,beam_competitors_5km_score_percentile,beam_competitors_5km_rating_percentile,beam_competitors_5km_reviews_percentile,beam_competitors_5km_health_percentile,beam_competitors_5km_sentiment_percentile,beam_competitors_5km_competitor_avg_score,beam_competitors_5km_competitor_avg_rating,beam_competitors_5km_competitor_avg_reviews,beam_competitors_5km_competitor_avg_health,beam_competitors_5km_competitor_avg_sentiment,beam_competitors_5km_score_diff,beam_competitors_5km_rating_diff,beam_competitors_5km_reviews_diff,beam_competitors_5km_health_diff,beam_competitors_5km_sentiment_diff,beam_competitors_10km_rank_by_score,beam_competitors_10km_rank_by_rating,beam_competitors_10km_rank_by_reviews,beam_competitors_10km_score_percentile,beam_competitors_1km_competitive_tier,beam_competitors_10km_rating_percentile,beam_competitors_10km_reviews_percentile,beam_competitors_10km_health_percentile,beam_competitors_10km_sentiment_percentile,beam_competitors_5km_competitive_tier,beam_competitors_10km_competitor_avg_score,beam_competitors_10km_competitor_avg_rating,beam_competitors_10km_competitor_avg_reviews,beam_competitors_10km_competitor_avg_health,beam_competitors_10km_competitive_tier,beam_competitors_10km_competitor_avg_sentiment,beam_competitors_10km_score_diff,beam_competitors_10km_rating_diff,beam_competitors_10km_reviews_diff,beam_competitors_10km_health_diff,beam_competitors_10km_sentiment_diff,beam_competitors_1km_total_in_radius,beam_competitors_5km_total_in_radius,beam_competitors_10km_total_in_radius,beam_competitors_1km_avg_distance_m,beam_competitors_1km_closest_competitor_m,beam_competitors_1km_market_type,beam_competitors_1km_review_share,beam_competitors_1km_density_per_sqkm,beam_competitors_1km_tier_below_40,beam_competitors_1km_tier_40_59,beam_competitors_1km_tier_60_79,beam_competitors_1km_tier_80_100,beam_competitors_5km_avg_distance_m,beam_competitors_5km_closest_competitor_m,beam_competitors_5km_market_type,beam_competitors_5km_review_share,beam_competitors_5km_density_per_sqkm,beam_competitors_5km_tier_below_40,beam_competitors_5km_tier_40_59,beam_competitors_5km_tier_60_79,beam_competitors_5km_tier_80_100,beam_competitors_10km_avg_distance_m,beam_competitors_10km_closest_competitor_m,beam_competitors_10km_market_type,beam_competitors_10km_review_share,beam_competitors_10km_density_per_sqkm,beam_competitors_10km_tier_below_40,beam_competitors_10km_tier_40_59,beam_competitors_10km_tier_60_79,beam_competitors_10km_tier_80_100,beam_competitors_city_competitor_avg_sentiment_30d,beam_competitors_city_competitor_avg_sentiment_90d,beam_competitors_city_sentiment_diff_30d,beam_competitors_city_sentiment_diff_90d,beam_competitors_city_competitor_count,beam_competitors_city_total_in_city,beam_competitors_city_rank_by_score,beam_competitors_city_rank_by_rating,beam_competitors_city_rank_by_reviews,beam_competitors_city_score_percentile,beam_competitors_city_rating_percentile,beam_competitors_city_reviews_percentile,beam_competitors_city_health_percentile,beam_competitors_city_sentiment_percentile,beam_competitors_city_competitor_avg_score,beam_competitors_city_competitor_avg_rating,beam_competitors_city_competitor_avg_reviews,beam_competitors_city_competitor_avg_health,beam_competitors_city_competitor_avg_sentiment,beam_competitors_city_score_diff,beam_competitors_city_rating_diff,beam_competitors_city_reviews_diff,beam_competitors_city_health_diff,beam_competitors_city_sentiment_diff,beam_competitors_city_market_type,beam_competitors_city_review_share,beam_competitors_city_density_per_sqkm,beam_competitors_city_tier_below_40,beam_competitors_city_tier_40_59,beam_competitors_city_tier_60_79,beam_competitors_city_tier_80_100,beam_competitors_city_competitive_strength,beam_competitors_city_underserved_score,beam_competitors_city_competition_intensity,beam_competitors_state_competitor_avg_sentiment_30d,beam_competitors_state_competitor_avg_sentiment_90d,beam_competitors_state_sentiment_diff_30d,beam_competitors_state_sentiment_diff_90d,beam_competitors_state_competitor_count,beam_competitors_state_total_in_state,beam_competitors_state_rank_by_score,beam_competitors_state_rank_by_rating,beam_competitors_state_rank_by_reviews,beam_competitors_state_score_percentile,beam_competitors_state_rating_percentile,beam_competitors_state_reviews_percentile,beam_competitors_state_health_percentile,beam_competitors_state_sentiment_percentile,beam_competitors_state_competitor_avg_score,beam_competitors_state_competitor_avg_rating,beam_competitors_state_competitor_avg_reviews,beam_competitors_state_competitor_avg_health,beam_competitors_state_competitor_avg_sentiment,beam_competitors_state_score_diff,beam_competitors_state_rating_diff,beam_competitors_state_reviews_diff,beam_competitors_state_health_diff,beam_competitors_state_sentiment_diff,beam_competitors_state_market_type,beam_competitors_state_review_share,beam_competitors_state_density_per_sqkm,beam_competitors_state_underserved_score,beam_competitors_state_competition_intensity,beam_competitors_state_competitive_strength,beam_competitors_country_competitor_avg_sentiment_30d,beam_competitors_country_competitor_avg_sentiment_90d,beam_competitors_country_sentiment_diff_30d,beam_competitors_country_sentiment_diff_90d,beam_competitors_country_competitor_count,beam_competitors_country_competitor_avg_score,beam_competitors_country_competitor_avg_rating,beam_competitors_country_competitor_avg_reviews,beam_competitors_country_competitor_avg_health,beam_competitors_country_competitor_avg_sentiment,beam_competitors_country_score_diff,beam_competitors_country_rating_diff,beam_competitors_country_reviews_diff,beam_competitors_country_sentiment_diff,beam_competitors_country_score_percentile,beam_competitors_country_rating_percentile,beam_competitors_country_reviews_percentile,beam_competitors_country_health_percentile,beam_competitors_country_sentiment_percentile,beam_competitors_country_rank_by_score,beam_competitors_country_competitive_strength,beam_competitors_country_health_diff,beam_competitors_country_rank_by_rating,beam_competitors_country_rank_by_reviews,beam_competitors_country_tier_40_59,beam_competitors_country_tier_60_79,beam_competitors_country_tier_80_100,beam_competitors_country_tier_below_40,beam_competitors_country_total_in_country,beam_competitors_city_siblings_competitor_count,beam_competitors_city_siblings_competitor_avg_score,beam_competitors_city_siblings_competitor_avg_rating,beam_competitors_city_siblings_competitor_avg_reviews,beam_competitors_city_siblings_competitor_avg_health,beam_competitors_city_siblings_competitor_avg_sentiment,beam_competitors_city_siblings_score_diff,beam_competitors_city_siblings_rating_diff,beam_competitors_city_siblings_reviews_diff,beam_competitors_city_siblings_sentiment_diff,beam_competitors_city_siblings_score_percentile,beam_competitors_city_siblings_rating_percentile,beam_competitors_city_siblings_reviews_percentile,beam_competitors_city_siblings_health_percentile,beam_competitors_city_siblings_sentiment_percentile,beam_competitors_city_siblings_rank_by_score,beam_competitors_city_siblings_competitor_avg_recommend_pct,beam_competitors_city_siblings_recommend_pct_diff,beam_competitors_city_siblings_recommend_pct_percentile,beam_competitors_city_siblings_total_siblings,beam_competitors_city_businesses_per_10k_pop,beam_competitors_city_population_per_business,beam_competitors_city_population_density,beam_competitors_city_reviews_per_capita,beam_competitors_city_reviews_per_10k_pop,beam_competitors_state_businesses_per_10k_pop,beam_competitors_state_population_per_business,beam_competitors_state_population_density,beam_competitors_state_reviews_per_capita,beam_competitors_state_reviews_per_10k_pop,beam_competitors_1km_hhi_contribution,beam_competitors_1km_hhi_minimum,beam_competitors_5km_hhi_contribution,beam_competitors_5km_hhi_minimum,beam_competitors_10km_hhi_contribution,beam_competitors_10km_hhi_minimum,beam_competitors_city_hhi_contribution,beam_competitors_city_hhi_minimum,beam_competitors_state_hhi_contribution,beam_competitors_state_hhi_minimum,beam_trends_score_30d_beam_score_overall,beam_trends_score_30d_rating,beam_trends_score_30d_review_count,beam_trends_score_30d_beam_rating_health,beam_trends_score_30d_beam_popularity_percentile,beam_trends_score_90d_beam_score_overall,beam_trends_score_90d_rating,beam_trends_score_90d_review_count,beam_trends_score_90d_beam_rating_health,beam_trends_score_90d_beam_popularity_percentile,beam_trends_competitive_1km_30d_strength_change,beam_trends_competitive_1km_30d_rank_change,beam_trends_competitive_1km_30d_percentile_change,beam_trends_competitive_1km_90d_strength_change,beam_trends_competitive_1km_90d_rank_change,beam_trends_competitive_1km_90d_percentile_change,beam_trends_competitive_5km_30d_strength_change,beam_trends_competitive_5km_30d_rank_change,beam_trends_competitive_5km_30d_percentile_change,beam_trends_competitive_5km_90d_strength_change,beam_trends_competitive_5km_90d_rank_change,beam_trends_competitive_5km_90d_percentile_change,beam_trends_competitive_10km_30d_strength_change,beam_trends_competitive_10km_30d_rank_change,beam_trends_competitive_10km_30d_percentile_change,beam_trends_competitive_10km_90d_strength_change,beam_trends_competitive_10km_90d_rank_change,beam_trends_competitive_10km_90d_percentile_change,beam_trends_competitive_city_30d_strength_change,beam_trends_competitive_city_30d_rank_change,beam_trends_competitive_city_30d_percentile_change,beam_trends_competitive_city_90d_strength_change,beam_trends_competitive_city_90d_rank_change,beam_trends_competitive_city_90d_percentile_change,beam_trends_competitive_state_30d_strength_change,beam_trends_competitive_state_30d_rank_change,beam_trends_competitive_state_30d_percentile_change,beam_trends_competitive_state_90d_strength_change,beam_trends_competitive_state_90d_rank_change,beam_trends_competitive_state_90d_percentile_change,beam_trends_sentiment_current_sentiment,beam_trends_sentiment_positive_ratio,beam_trends_sentiment_negative_ratio,beam_trends_sentiment_review_count,beam_trends_velocity_reviews_per_day,beam_trends_velocity_reviews_per_month,beam_trends_velocity_percentile_city,beam_trends_velocity_percentile_state,beam_trends_velocity_trend,beam_velocity_reviews_per_day,beam_velocity_reviews_per_week,beam_velocity_reviews_per_month,beam_velocity_reviews_last_30d,beam_velocity_reviews_last_90d,beam_velocity_reviews_last_365d,beam_velocity_percentile_1km,beam_velocity_percentile_5km,beam_velocity_percentile_10km,beam_velocity_percentile_city,beam_velocity_percentile_state,beam_velocity_rank_1km,beam_velocity_rank_5km,beam_velocity_rank_10km,beam_velocity_rank_city,beam_velocity_rank_state,beam_velocity_trend,beam_velocity_change_30d,beam_velocity_change_90d,beam_trends_sentiment_recommend_pct
ZXUD9WUX,London's Soul Food,Food and Drink,Restaurants,Soul food restaurant,Soul food restaurant,"4747 Flintridge Dr, Colorado Springs, CO 80918",4747 Flintridge Dr,Colorado Springs,Colorado,Northeast Colorado Springs,Northeast Colorado Springs,80918,US,True,38.900073,-104.7674924,America/Denver,(719) 59*-****,1,CLOSED_TEMPORARILY,FALSE,TRUE,,True,Colorado Springs,Colorado,US,,,,,,,,,,,,0,0,0,,TRUE,FALSE,4.29,73,"{""1"": 6, ""2"": 2, ""3"": 3, ""4"": 16, ""5"": 46}",,,Dinner,,,,,,,,,Good for kids,FALSE,FALSE,purchase_dataset@,FALSE,TRUE,0,,,,,,,,,,,,,,,,,,,,,,,,,,,,,,,,,,,,,,,,,,,https://urbanspoon.com/cities/115-colorado-springs/restaurants/1818438-london-s-soul-food/menu,,,2026-04-09T14:42:23.602251+00:00,0.0,,4.4,4575.84,112.4,110.6243,1.79,85.8,62.3,84.9,,,,,,0.1964,0.6068,0.6386,,,,,,,,,,,,,,,,,,,,,,,,,,,,50.6,19.5,0,17,50.0,46.0,1115,1825,2377,10021,15688,18969,497033,761146,867517,533837,1115,214250,19,193754,123410,101,112959,185421,101,75926,869,1559,3525,13922,29156,734279,1460619,734279,0.7753,0.1559,0.4851,-0.1559,-0.4851,0.7261,-0.0793,0.2519,0.0793,-0.2519,0.7982,0.1016,0.4391,-0.1016,-0.4391,100,18,100,214250,193435,193754,0.7074,0.7373,0.7399,0.6799,0.1964,44.7,1.23,733,21.3,0.3871,1.7,2.45,-660,51.3,-0.3871,123410,226139,112959,0.8335,0.6984,0.8508,0.6486,0.6068,52.4,1.26,1501,19.8,0.5959,-6.0,2.42,-1428,52.8,-0.5959,185421,232807,75926,0.749,Strong,0.687,0.8988,0.5727,0.6386,Strong,52.6,1.28,2035,16.7,Strong,0.6595,-6.2,2.4,-1962,55.9,-0.6595,19,101,101,404,2,competitive,0.0055,5.73,27.8,61.1,11.1,0.0,3664,1039,competitive,0.0005,1.27,6.0,67.0,27.0,0.0,7260,5007,competitive,0.0004,0.32,7.0,66.0,27.0,0.0,0.1279,0.5239,-0.1279,-0.5239,100,101,666,288,1486,0.6351,0.8431,0.1885,0.9553,0.1171,53.9,1.38,2192,19.9,0.6932,-7.5,2.3,-2119,52.7,-0.6932,competitive,0.0003,0.19,5.0,65.0,30.0,0.0,0.5635,1.79,1.13,0.1422,0.6949,-0.1422,-0.6949,100,101,5420,2020,12839,0.6567,0.8719,0.1914,0.9699,0.0649,51.6,0.7,2532,8.5,0.8379,-5.2,2.98,-2459,64.1,-0.8379,competitive,0.0003,0.0004,1.11,0.09,0.5817,0.059,0.2307,-0.059,-0.2307,791801,41.1,0.94,531,20.4,0.4595,5.3,2.74,-458,-0.4595,0.6597,0.8527,0.3236,0.9738,0.0391,267110,0.6168,52.2,116112,534327,44.5,8.8,0.0,46.7,791802,1379,53.9,4.09,511,23.5,0.4391,-4.9,0.18,-438,-0.4391,0.3019,0.389,0.2939,0.9158,0.0573,961,56.76,-56.76,0.0,1379,2.09,4790,913,0.4576,4575.84,0.17,57737,21,0.0439,438.52,0.3,526.32,0.0,99.01,0.0,99.01,0.0,99.01,0.0,99.01,-6.3,-0.61,0,-12.3,0.0,,,,,,0.25,-272759,0.374,0.73,214250,0.707,0.09,-99475,0.138,0.8,123410,0.834,0.09,-73886,0.108,0.78,185421,0.749,0.25,-800,0.453,0.56,666,0.635,0.3,-7767,0.505,0.58,5420,0.657,,,,,,,,,,,,,,,,,,,,,,,,,,,,,
ND9WY4Q2,Hunt Brothers Pizza,Food and Drink,Restaurants,Pizza Takeout,Pizza Takeout,"73 Bent Ave, Akron, CO 80720",73 Bent Ave,Akron,Colorado,,,80720,US,True,40.1589447,-103.21655419999999,America/Denver,(970) 34*-****,1,OPERATIONAL,TRUE,TRUE,,True,Akron,Colorado,US,,,,,,,,,,,,0,0,0,Convenience store-based pizza chain doling out create-your-own pies along with wings.,TRUE,TRUE,4.48,21,"{""1"": 2, ""2"": 0, ""3"": 2, ""4"": 4, ""5"": 17}",Takeout,,Lunch,"Wheelchair accessible entrance, Wheelchair accessible parking lot","Coffee, Quick bite",Lunch,Restroom,Casual,,,"Credit cards, Debit cards, NFC mobile payments",,TRUE,FALSE,purchase_dataset@,FALSE,TRUE,0,,,,,,,,,,,,,,,,,,,,,,,,,,,,,,,,,,,,,,,,,,,,,,2026-04-09T13:30:35.228930+00:00,0.0,,1.7,688.67,355.9,8.1633,0.53,89.6,44.7,85.7,0.619,,,1.0,1.0,0.8909,,,,100.0,,,,,,,100.0,0.0,0.0,100.0,0.0,0.0,stable,stable,,,,,0,0,1,1,-100.0,-100.0,,51.3,19.5,0,33,50.0,46.0,2,3,4,11165,11615,22927,570779,549576,1083651,614574,2,637064,3,721641,,,,,,,633,2,3,13922,29156,734279,1460619,734279,,,,,,0.1032,0.3133,0.2819,-0.3133,-0.2819,,,,,,,2,,637064,653793,721641,0.1438,0.1183,0.034,0.0745,0.8909,35.5,0.22,83,4.6,0.6391,-6.7,1.02,-58,15.4,0.1276,,,,,,,,,,,,,,,,,,,,,,,Emerging,,,,,,,,,,,,,,,,,3,,,437,348,concentrated,0.1316,0.64,100.0,0.0,0.0,0.0,,,,,,,,,,,,,,,,,,,0.0,0.0,0.0,0.0,1,2,2,1,2,0.0,1.0,0.0,1.0,1.0,37.7,0.0,121,0.0,0.4242,-8.9,1.24,-96,20.0,0.3425,concentrated,0.1712,0.14,100.0,0.0,0.0,0.0,0.3,0.66,2.15,0.1422,0.6922,-0.1422,-0.6922,100,101,12683,5648,13721,0.2002,0.6445,0.1348,0.6619,0.7993,51.5,0.68,2526,8.5,0.8364,-22.7,0.56,-2501,11.5,-0.0697,competitive,0.0001,0.0004,1.11,0.09,0.3138,0.059,0.2307,-0.059,-0.2307,791801,41.1,0.94,531,20.4,0.4595,-12.3,0.3,-506,0.3072,0.2089,0.6097,0.233,0.6145,0.8318,624452,0.3364,-0.4,308811,605223,44.5,8.8,0.0,46.7,791802,1,41.8,4.33,21,23.8,0.7667,0.0,0.0,0,0.0,0.0,0.0,0.0,0.0,0.0,1,0.0,0.0,0.0,1,5.69,1757,245,0.0689,688.67,0.17,57737,21,0.0437,437.48,173.13,3333.33,,,,,293.21,5000.0,0.0,99.01,-23.7,-3.22,12,-64.6,0.0,,,,,,-0.28,136305,-0.171,0.1,637064,0.144,0.0,0,0.0,0.0,0,0.0,0.0,0,0.0,0.0,0,0.0,0.0,0,0.0,0.3,2,0.0,0.02,-533,0.05,0.31,12683,0.2,0.7667,,,24,0.0,0.0,0.0,0.0,stable,0.00,0.00,0.00,0,0,2,,,,0.000,0.000,,,,1,10,stable,,,
VVELXJDD,Burrowing Owl,Food and Drink,Restaurants,Vegan restaurant,"Vegan restaurant, Bar, Lounge bar","1791 S 8th St H, Colorado Springs, CO 80905",1791 S 8th St H,Colorado Springs,Colorado,,Southwest Colorado Springs,80905,US,True,38.8038842,-104.8400064,America/Denver,(719) 43*-****,2,OPERATIONAL,TRUE,TRUE,,True,Colorado Springs,Colorado,US,http,http://burrowingowllounge.com,burrowingowllounge.com,burrowingowllounge.com,com,4087,2015-01-30,2027-01-30,Tucows Domains Inc.,,,0,0,0,This woodsy-chic kitchen serves thoughtfully-sourced vegan bar bites & canned beers in koozies.,TRUE,TRUE,4.69,2055,"{""1"": 49, ""2"": 43, ""3"": 82, ""4"": 247, ""5"": 2035}","Outdoor seating, Delivery, Onsite services, Takeout, Dine-in","Fast service, Great beer selection, Great cocktails, Great dessert, Great tea selection, Serves local specialty","Breakfast, Lunch, Dinner, Solo dining","Wheelchair accessible entrance, Wheelchair accessible parking lot, Wheelchair accessible restroom, Wheelchair accessible seating","Alcohol, Beer, Cocktails, Coffee, Comfort food, Happy hour drinks, Hard liquor, Healthy options, Late-night food, Organic dishes, Quick bite, Small plates, Vegan options, Vegetarian options, Wine","Breakfast, Brunch, Lunch, Dinner, Dessert, Seating, Table service","Bar onsite, Restroom","Casual, Cozy, Trendy","College students, Groups, LGBTQ+ friendly, Tourists, Transgender safespace",,"Credit cards, Debit cards",High chairs,TRUE,TRUE,purchase_dataset@,TRUE,TRUE,3,2025-11-30,2026-02-04,130,64,24,130,130,64,64,https://www.instagram.com/the_burrowing_owl,the_burrowing_owl,https://www.facebook.com/p/the-burrowing-owl-100063601782400,the-burrowing-owl-100063601782400,,,,,https://www.linkedin.com/in/cordova-maria,cordova-maria,,,,,,,,,5427,0.63,,0.51,0.63,0.63,2573,,,,,,,,,https://burrowingowllounge.com/menu,,,2026-04-09T10:24:34.208919+00:00,1.13,0.0,0.2,4525.36,37.5,110.6243,1.77,93.8,100.0,92.5,0.8447,,0.464,0.7482,0.7783,0.8178,0.7015,0.469,73.2,88.9,,,,76.47,17.65,5.88,92.31,6.41,1.28,91.02,7.19,1.8,stable,declining,,-15.7,-0.3143,-17.7,0,17,78,167,-56.4,-59.3,-100.0,71.9,9.5,52,83,80.1,46.0,31,766,34,170,6653,191,4205,305899,5157,4325,31,166096,9,84699,109474,101,80349,364101,101,159643,382,1559,3525,13922,29156,734279,1460619,734279,0.614,0.11,0.4069,-0.11,0.0919,0.8054,0.073,0.3856,-0.073,0.1132,0.8373,0.1033,0.4354,-0.1033,0.0634,100,8,100,166096,170699,84699,0.7728,0.7679,0.8864,0.7468,0.8178,45.9,1.31,1014,24.0,0.5966,-5.8,-1.19,1431,-22.0,0.2481,109474,179153,80349,0.8521,0.7608,0.8939,0.6438,0.7015,52.9,1.45,1686,19.6,0.6253,-12.8,-1.33,759,-17.6,0.2194,364101,308357,159643,0.5057,Market Leader,0.5852,0.7872,0.4759,0.469,Market Leader,49.6,1.02,1638,13.5,Average,0.6093,-9.5,-0.9,807,-11.5,0.2354,9,101,101,411,144,moderate,0.2316,2.55,25.0,75.0,0.0,0.0,3126,1424,competitive,0.0143,1.27,8.0,62.0,30.0,0.0,7339,5025,competitive,0.0147,0.32,11.0,73.0,16.0,0.0,0.1423,0.5278,-0.1423,-0.029,100,101,1032,1495,140,0.4341,0.1661,0.9237,0.2838,0.9325,53.9,1.38,2154,19.9,0.6946,-13.8,-1.26,291,-17.9,0.1501,competitive,0.0112,0.19,5.0,65.0,30.0,0.0,0.5006,1.79,1.13,0.1475,0.6977,-0.1475,-0.1989,100,101,8567,10419,787,0.458,0.3228,0.9504,0.3656,0.8932,51.8,0.73,2509,9.0,0.8377,-11.7,-0.61,-64,-7.0,0.007,competitive,0.0097,0.0004,1.11,0.09,0.5652,0.059,0.2307,-0.059,0.2681,791801,41.1,0.94,531,20.4,0.4595,-1.0,-0.82,1914,0.3852,0.4698,0.3775,0.9662,0.3812,0.9222,417691,0.591,-18.4,476774,26743,44.5,8.8,0.0,46.7,791802,1379,53.9,4.09,511,23.5,0.4391,12.7,0.58,1544,0.2986,0.7721,0.6176,0.9804,0.3672,0.791,312,56.76,10.81,0.426,1379,2.09,4790,913,0.4497,4497.03,0.17,57737,21,0.0435,434.57,536.49,1111.11,2.04,99.01,2.16,99.01,1.26,99.01,0.93,99.01,-39.9,-4.57,390,-90.5,-32.7,,,,,,-0.11,95353,-0.129,0.81,166095,0.773,0.09,-74446,0.104,0.84,109473,0.852,0.11,-46673,0.066,0.61,364100,0.506,-0.38,812,-0.443,0.5,1032,0.434,-0.31,6376,-0.399,0.57,8567,0.458,0.8447,,,2055,0.0,0.0,0.0,0.0,decelerating,0.43,3.03,13.00,13,45,185,0.929,0.932,0.932,0.500,0.813,59136,61460,61468,1,3,stable,0.13,,92.02
HX9M9DCC,Mountain Head Pizza,Food and Drink,Restaurants,Mobile caterer,"Mobile caterer, Service establishment",,,,Colorado,,,,US,False,39.5654786,-104.51756999999999,America/Denver,,0,CLOSED_TEMPORARILY,FALSE,FALSE,,False,,Colorado,US,https,https://facebook.com/mountainheadpizza,facebook.com/mountainheadpizza,facebook.com,com,10603,1997-03-29,2034-03-30,"RegistrarSafe, LLC",,,0,0,0,,TRUE,FALSE,5.0,8,"{""1"": 0, ""2"": 1, ""3"": 0, ""4"": 3, ""5"": 20}",Delivery,,,,,,,,,,,,FALSE,TRUE,purchase_dataset@,TRUE,FALSE,1,,,,,,,,,,,,https://www.facebook.com/mountainheadpizza/,mountainheadpizza,,,,,,,,,,,,,,,,,,,,,,,,,,,,,,,,,2026-04-09T10:06:29.122023+00:00,,,,,,,,100.0,31.8,100.0,,,,,,,,,,,,,,,,,,,,,,,,,,,,,,,,,,,,56.7,19.5,8,50,50.0,46.0,50212,3065,81821,11798,809,24751,605506,34140,1188017,652466,50212,,,,,,,,,,52,10454,40015,13922,29156,734279,1460619,734279,,,,,,,,,,,,,,,,,,,,,,,,,,,,,,,,,,,,,,,,,,,,,,,,,,,,,,,,,,,,,,,,,,,,,,,,,,,,,,,,,,,,,,,,,,,,,,,,,,,,,,,,,,,,,,,,,,,,,,,,,,,,,,,,,,,,,,,,,,,,,,,,,,,,,,,,,,,,,,,,,,,,,,,,,,,,,,,,,,,,,,,,,,,,,,,,,,,,,,,,,,,,,,,,,,,,,,,,,,,,,,,,,,,,,,,,,,,,,,,-4.8,0.0,24,-50.0,0.0,,,,,,,,,,,,,,,,,,,,,,,,,,,,,,,,,,,,,,,,,,,,,,,,,,,,,,,,,,,,,,,,
LKHTLU6G,It's Just Wings,Food and Drink,Restaurants,Chicken wings restaurant,"Chicken wings restaurant, Chicken restaurant, Lunch restaurant, Delivery Restaurant, Takeout Restaurant, Restaurant","7401 S Clinton St, Englewood, CO 80112",7401 S Clinton St,Centennial,Colorado,,,80112,US,True,39.584199999999996,-104.87799899999999,America/Denver,,0,CLOSED_TEMPORARILY,FALSE,FALSE,,True,Centennial,Colorado,US,https,https://locations.itsjustwings.com/co/englewood/denver-south-its-just-wings,locations.itsjustwings.com/co/englewood/denver-south-its-just-wings,locations.itsjustwings.com,com,2219,2020-03-12,2028-03-12,"CSC Corporate Domains, Inc.",,,0,0,0,,TRUE,FALSE,1.2,0,"{""1"": 5, ""2"": 1, ""3"": 0, ""4"": 0, ""5"": 0}","No-contact delivery, Takeout, Dine-in",,,"Wheelchair accessible entrance, Wheelchair accessible parking lot",Comfort food,"Lunch, Dinner, Dessert",,,,,Debit cards,Good for kids,FALSE,TRUE,purchase_dataset@,FALSE,FALSE,0,,,,,,,,,,,,,,,,,,,,,,,,,,,,,,,,,,,,,,,,,,,https://itsjustwings.com/menu,,,2026-04-09T10:03:46.547047+00:00,,,,,,,,0.0,0.0,50.0,,,,,,,,,,,,,,,,,,,,,,,,,,,,,,,,,,,,23.5,19.5,0,33,50.0,46.0,282,587,587,13522,29975,29975,707701,1474454,1474454,763641,282,,,,,,,,,,1516,291,563,13922,29156,734279,1460619,734279,,,,,,,,,,,,,,,,,,,,,,,,,,,,,,,,,,,,,,,,,,,,,,,,,,,,,,,,,,,,,,,,,,,,,,,,,,,,,,,,,,,,,,,,,,,,,,,,,,,,,,,,,,,,,,,,,,,,,,,,,,,,,,,,,,,,,,,,,,,,,,,,,,,,,,,,,,,,,,,,,,,,,,,,,,,,,,,,,,,,,,,,,,,,,,,,,,,,,,,31,52.5,3.63,468,18.9,0.3033,-28.6,,-468,-0.3033,0.0333,0.8333,0.0,0.8333,0.2,30,53.75,-53.75,0.0,31,,,,,,,,,,,,,,,,,,,,,0.0,,0,0.0,0.0,,,,,,,,,,,,,,,,,,,,,,,,,,,,,,,,,,,,,,,,,,,,,,,,,,,,,,,,,,,,,,,,
B6JT4WXX,RAW ROOTS Juice Bar & Cafe,Food and Drink,Restaurants,Restaurant,"Restaurant, Coffee shop, Dessert shop, Juice shop, Organic restaurant","337 N Denver Ave, Fort Lupton, CO 80621",337 N Denver Ave,Fort Lupton,Colorado,,,80621,US,True,40.0831212,-104.8107387,America/Denver,(720) 82*-****,2,,TRUE,TRUE,,True,Fort Lupton,Colorado,US,http,http://rawrootsjuicebarcafe.com,rawrootsjuicebarcafe.com,rawrootsjuicebarcafe.com,com,806,2024-01-24,2027-01-24,"HOSTINGER operations, UAB",,,0,0,0,,TRUE,FALSE,5.0,16,"{""1"": 0, ""2"": 0, ""3"": 0, ""4"": 0, ""5"": 17}","Takeout, Dine-in","Great coffee, Great tea selection","Breakfast, Solo dining","Wheelchair accessible entrance, Wheelchair accessible parking lot, Wheelchair accessible restroom, Wheelchair accessible seating","Coffee, Comfort food, Healthy options, Organic dishes, Private dining room, Quick bite, Vegan options, Vegetarian options","Breakfast, Lunch, Counter service, Dessert, Seating","Gender-neutral restroom, Restroom, Wi-Fi","Casual, Cozy, Trendy","Family-friendly, Tourists",,"Credit cards, Debit cards, NFC mobile payments","Good for kids, Has changing table(s), High chairs, Kids' menu",FALSE,TRUE,purchase_dataset@,TRUE,TRUE,2,2023-12-02,2023-12-02,859,859,9,859,859,859,859,,,https://www.facebook.com/rawrootsjuicebar,rawrootsjuicebar,,,https://www.tiktok.com/@rootsjuicebar,rootsjuicebar,,,,,,,,,,,,,,,,,,270,3,26,0.83,,,,,https://rawrootsjuicebarcafe.com,,,2026-04-09T10:03:32.489844+00:00,1.19,0.0,1.8,18629.78,865.8,155.8442,0.08,100.0,41.0,100.0,0.8955,,0.19,0.73,0.8805,0.4118,0.7074,0.2498,59.5,94.0,,,,50.0,0.0,50.0,83.33,0.0,16.67,92.86,0.0,7.14,stable,declining,,-34.5,-0.6905,-36.7,0,2,6,14,-33.3,-42.9,-100.0,62.4,9.5,44,50,67.9,46.0,27,2,41,11357,487,23500,581163,17903,1114946,625919,27,455896,20,455120,754645,3,754250,735813,8,731884,31,32,50,13922,29156,734279,1460619,734279,0.1079,-0.0226,0.3604,0.0226,-0.1704,0.4701,-0.0501,0.248,0.0501,-0.058,0.0053,0.5,0.2447,-0.5,-0.0547,7,19,2,455896,245748,455120,0.3831,0.6667,0.3896,0.6277,0.4118,40.0,1.06,424,19.4,0.4603,-8.1,-0.43,-408,-6.9,0.4352,754645,754278,754250,0.0053,0.0048,0.0059,0.0,0.7074,29.5,0.03,33,0.0,0.6272,2.4,0.6,-17,12.5,0.2683,735813,515266,731884,0.0205,Average,0.3063,0.026,0.3715,0.2498,Emerging,33.2,0.58,110,10.9,Emerging,0.5287,-1.3,0.05,-94,1.6,0.3668,20,3,8,495,48,competitive,0.002,6.05,42.1,52.6,5.3,0.0,2252,1335,concentrated,0.1951,0.03,100.0,0.0,0.0,0.0,8372,6155,moderate,0.0203,0.02,100.0,0.0,0.0,0.0,-0.0237,0.2996,0.0237,-0.1096,35,36,27,14,34,0.3158,0.6579,0.1316,0.6579,0.8684,39.5,0.7,420,12.8,0.5398,-7.6,-0.07,-404,-0.3,0.3557,competitive,0.0011,1.02,51.4,42.9,5.7,0.0,0.3632,0.08,17.38,0.1422,0.6913,-0.1422,-0.5013,100,101,11768,6130,14156,0.2581,0.6138,0.1069,0.6209,0.9381,51.4,0.65,2527,8.0,0.8376,-19.5,-0.02,-2511,4.5,0.0579,competitive,0.0001,0.0004,1.11,0.09,0.3194,0.059,0.2307,-0.059,-0.0407,791801,41.1,0.94,531,20.4,0.4595,-9.2,-0.31,-515,0.436,0.2695,0.5787,0.2061,0.5871,0.9583,576915,0.3432,-7.9,332586,625982,44.5,8.8,0.0,46.7,791802,30,53.5,4.1,307,20.4,0.4907,5.9,0.9,-291,0.2272,0.5517,0.7241,0.1379,0.6207,0.6897,14,68.21,-1.54,0.2759,30,44.0,227,231,1.8476,18476.43,0.17,57737,21,0.0438,437.6,0.04,500.0,380.73,3333.33,4.12,1250.0,0.01,277.78,0.0,99.01,-36.2,-4.37,0,-87.5,-17.9,,,,,,0.19,-94292,0.134,0.47,455893,0.383,-0.18,34378,-0.031,0.01,754642,0.005,0.05,18622,-0.012,0.11,735809,0.021,-0.2,13,-0.302,0.36,27,0.316,-0.18,3735,-0.224,0.32,11768,0.258,0.8955,,,16,0.0,0.0,0.0,0.0,decelerating,0.03,0.23,1.00,1,2,16,0.281,0.292,0.294,0.333,0.230,528654,556970,554104,4,1415,accelerating,0.00,,87.5
AZ4GAZCW,Trivelli's Hoagies,Food and Drink,Restaurants,Sandwich shop,"Sandwich shop, Cheesesteak restaurant","6827 Space Village Ave, Colorado Springs, CO 80915",6827 Space Village Ave,Cimarron Hills,Colorado,,,80915,US,True,38.837872399999995,-104.70039369999999,America/Denver,(719) 47*-****,2,CLOSED_TEMPORARILY,FALSE,TRUE,Cimarron Hills,False,Cimarron Hills,Colorado,US,http,http://trivellis.net,trivellis.net,trivellis.net,net,6273,2009-02-04,2027-10-15,"GoDaddy.com, LLC",,,0,0,0,,TRUE,FALSE,4.51,371,"{""1"": 12, ""2"": 15, ""3"": 19, ""4"": 49, ""5"": 284}","Outdoor seating, Curbside pickup, Delivery, Takeout, Dine-in",Sports,,"Wheelchair accessible entrance, Wheelchair accessible parking lot, Wheelchair accessible restroom, Wheelchair accessible seating","Comfort food, Vegetarian options","Lunch, Dinner, Catering, Seating",,,,,"Checks, Debit cards, NFC mobile payments","Good for kids, High chairs, Kids' menu",FALSE,TRUE,purchase_dataset@,FALSE,TRUE,0,,,,,,,,,,,,,,,,,,,,,,,,,,,,,,,,,,,,,,,,,,,https://trivellis.net/menu.html,,,2026-04-09T10:02:47.075035+00:00,0.0,,2.0,988.56,261.4,7.9051,0.6,90.2,85.7,87.6,,,,,,0.3388,0.1611,0.409,,,,,,,,,,,,,,,,,,,,,,,,,,,,55.8,19.5,0,33,50.0,46.0,3,21,9,6523,10711,10514,284532,502771,430916,304807,3,274904,16,350048,493050,101,207216,188671,101,237027,586,7,37,13922,29156,734279,1460619,734279,0.711,0.1128,0.4318,-0.1128,-0.4318,0.6351,0.0222,0.1827,-0.0222,-0.1827,0.5178,0.0261,0.2669,-0.0261,-0.2669,100,15,100,274904,181985,350048,0.6256,0.7526,0.5303,0.821,0.3388,43.4,1.27,530,27.4,0.4382,3.7,2.01,-151,34.6,-0.4382,493050,345164,207216,0.3444,0.5403,0.7264,0.4785,0.1611,44.9,0.9,1191,13.7,0.4552,2.2,2.38,-812,48.3,-0.4552,188671,227693,237027,0.7442,Average,0.6936,0.6841,0.6454,0.409,Average,52.5,1.3,1413,19.6,Strong,0.5891,-5.4,1.98,-1034,42.4,-0.5891,16,101,101,340,5,competitive,0.0455,4.77,26.7,66.7,6.7,0.0,3787,1591,competitive,0.0032,1.27,33.0,55.0,12.0,0.0,7455,5014,competitive,0.0027,0.32,8.0,64.0,28.0,0.0,-0.0648,0.0874,0.0648,-0.0874,9,10,4,4,3,0.6667,0.6667,0.7778,0.7778,0.0,40.0,1.22,212,33.8,0.2386,7.1,2.06,167,28.2,-0.2386,moderate,0.1656,0.59,44.4,55.6,0.0,0.0,0.7,0.8,1.86,0.1422,0.6913,-0.1422,-0.6913,100,101,5039,2590,9450,0.6806,0.8363,0.4052,0.9309,0.0859,51.4,0.65,2527,8.0,0.8376,-4.3,2.63,-2148,54.0,-0.8376,competitive,0.0015,0.0004,1.11,0.09,0.6447,0.059,0.2307,-0.059,-0.2307,791801,41.1,0.94,531,20.4,0.4595,6.0,2.34,-152,-0.4595,0.6803,0.82,0.6186,0.9408,0.0391,250879,0.7037,41.6,141827,301441,44.5,8.8,0.0,46.7,791802,5,52.7,4.32,183,36.7,0.2669,0.0,0.22,188,-0.2669,0.5,0.5,1.0,1.0,0.0,3,26.29,-26.29,0.0,5,4.66,2146,1265,0.0989,989.07,0.17,57737,21,0.0438,437.6,20.68,625.0,0.1,99.01,0.07,99.01,274.15,1000.0,0.02,99.01,-10.8,-1.23,11,-25.5,0.0,,,,,,0.14,-75273,0.108,0.64,274904,0.626,0.17,-50002,0.074,0.52,493050,0.344,0.23,-230957,0.316,0.71,188671,0.744,0.09,-2,0.222,0.7,4,0.667,0.19,-6777,0.441,0.64,5039,0.681,,,,,,,,,,,,,,,,,,,,,,,,,,,,,
BT49CKYU,Country Buffet,Food and Drink,Restaurants,Buffet restaurant,"Buffet restaurant, American restaurant, Breakfast restaurant, Family restaurant, Restaurant","1026 S Sable Blvd, Aurora, CO 80012",1026 S Sable Blvd,Aurora,Colorado,City Center,City Center,80012,US,True,39.6983114,-104.81814779999999,America/Denver,(303) 74*-****,0,CLOSED_TEMPORARILY,FALSE,FALSE,,True,Aurora,Colorado,US,,,,,,,,,,,,0,0,0,Chain buffet restaurant offering a vast variety of American dishes along with desserts.,TRUE,TRUE,2.69,32,"{""1"": 12, ""2"": 4, ""3"": 5, ""4"": 4, ""5"": 7}",Dine-in,,,,,"Breakfast, Dinner",,,,,,Good for kids,FALSE,FALSE,purchase_dataset@,FALSE,TRUE,0,,,,,,,,,,,,,,,,,,,,,,,,,,,,,,,,,,,,,,,,,,,https://places.singleplatform.com/country-buffet/menu,,,2026-04-09T09:48:19.969444+00:00,0.0,,6.2,5218.47,137.5,111.479,1.44,53.8,50.6,34.4,,,,,,0.1312,0.4679,0.6553,,,,,,,,,,,,,,,,,,,,,,,,,,,,37.0,19.5,0,33,50.0,46.0,870,2192,1677,10840,26749,21876,551393,1318714,1024088,593379,870,218644,41,87327,270046,101,71501,160164,101,210709,1473,1204,2416,13922,29156,734279,1460619,734279,0.739,0.0797,0.5404,-0.0797,-0.5404,0.7713,0.1173,0.1717,-0.1173,-0.1717,0.6872,0.1315,0.3836,-0.1315,-0.3836,100,40,100,218644,181985,87327,0.7017,0.7526,0.8828,0.5678,0.1312,44.6,1.27,1003,17.4,0.3535,-12.0,0.64,-971,7.6,-0.3535,270046,348856,71501,0.6374,0.5352,0.9056,0.3965,0.4679,49.1,0.89,1759,11.4,0.5542,-16.5,1.02,-1727,13.6,-0.5542,160164,222624,210709,0.7827,Strong,0.7004,0.7192,0.638,0.6553,Strong,53.4,1.32,1481,19.3,Strong,0.6642,-20.8,0.59,-1449,5.7,-0.6642,41,101,101,668,4,competitive,0.0008,12.73,35.0,52.5,12.5,0.0,3271,1241,competitive,0.0002,1.27,11.0,76.0,13.0,0.0,7931,5001,competitive,0.0002,0.32,2.0,68.0,30.0,0.0,0.1078,0.5602,-0.1078,-0.5602,100,101,974,421,1069,0.2806,0.69,0.2113,0.6738,0.0722,53.3,1.34,2016,17.2,0.658,-20.7,0.57,-1984,7.8,-0.658,competitive,0.0002,0.23,1.0,70.0,29.0,0.0,0.3826,1.44,1.38,0.1422,0.7025,-0.1422,-0.7025,100,101,11550,5026,13511,0.2719,0.6831,0.1484,0.6833,0.0853,51.4,0.68,2526,8.5,0.8377,-18.8,1.23,-2494,16.5,-0.8377,competitive,0.0001,0.0004,1.11,0.09,0.3582,0.059,0.2307,-0.059,-0.2307,791801,41.1,0.94,531,20.4,0.4595,-8.5,0.97,-499,-0.4595,0.2835,0.6553,0.2499,0.6364,0.0391,565626,0.385,4.6,272134,592163,44.5,8.8,0.0,46.7,791802,1079,52.0,4.03,439,20.8,0.4353,-16.2,-1.38,-407,-0.4353,0.2022,0.0603,0.2801,0.654,0.064,860,58.67,-58.67,0.0,1079,2.59,3863,906,0.5218,5218.47,0.17,57737,21,0.0437,437.5,0.01,243.9,0.0,99.01,0.0,99.01,0.0,99.01,0.0,99.01,-6.5,-0.78,0,-9.4,0.0,,,,,,0.3,-249063,0.342,0.77,218644,0.702,0.08,-6435,0.013,0.69,270046,0.637,0.05,-64135,0.095,0.74,160164,0.783,0.25,-255,0.195,0.38,974,0.281,0.26,-2890,0.199,0.36,11550,0.272,,,,,,,,,,,,,,,,,,,,,,,,,,,,,
5ECYWPYT,HUNT BROTHERS PIZZA,Food and Drink,Restaurants,Restaurant,Restaurant,"Yuma, CO 80759",,Yuma,Colorado,,,,US,True,40.1183073,-102.7207238,America/Denver,,0,CLOSED_TEMPORARILY,FALSE,FALSE,,True,Yuma,Colorado,US,,,,,,,,,,,,0,0,0,,TRUE,FALSE,0,0,"{""1"": 0, ""2"": 0, ""3"": 0, ""4"": 0, ""5"": 0}",Dine-in,,,"Wheelchair accessible entrance, Wheelchair accessible parking lot",Quick bite,,,Casual,,,"Credit cards, Debit cards",,FALSE,FALSE,purchase_dataset@,FALSE,FALSE,0,,,,,,,,,,,,,,,,,,,,,,,,,,,,,,,,,,,,,,,,,,,,,,2026-04-09T09:28:31.515165+00:00,0.0,,2.1,1171.88,282.2,7.4442,0.65,0.0,0.0,50.0,,,,,,0.6775,,,,,,,,,,,,,,,,,,,,,,,,,,,,,,21.9,19.5,0,17,50.0,46.0,3,4,4,12986,28176,28176,674190,1374293,1374293,727512,3,77718,3,668513,,,,,,,1516,5,7,13922,29156,734279,1460619,734279,,,,,,0.6799,0.0,0.1587,0.0,-0.1587,,,,,,,2,,77718,21092,668513,0.8929,0.9712,0.1046,0.9662,0.6775,48.9,2.26,203,41.2,0.5404,-26.9,,-203,8.8,-0.5404,,,,,,,,,,,,,,,,,,,,,,,Strong,,,,,,,,,,,,,,,,,3,,,484,259,concentrated,0.0,0.64,0.0,100.0,0.0,0.0,,,,,,,,,,,,,,,,,,,0.0,0.1587,0.0,-0.1587,2,3,4,1,3,0.0,0.6667,0.3333,0.3333,0.0,48.9,2.26,203,41.2,0.5404,-26.9,,-203,8.8,-0.5404,concentrated,0.0,0.23,0.0,100.0,0.0,0.0,0.3,0.65,2.83,0.1457,0.6808,-0.1457,-0.6808,100,101,14438,1,13968,0.0908,0.9358,0.1163,0.824,0.1028,51.6,0.69,2507,8.7,0.834,-29.6,,-2507,41.3,-0.834,competitive,0.0,0.0004,1.11,0.09,0.3519,0.059,0.2307,-0.059,-0.2307,791801,41.1,0.94,531,20.4,0.4595,-19.1,,-531,-0.4595,0.0601,0.9087,0.0,0.7759,0.0391,741996,0.2967,29.6,1,717607,44.5,8.8,0.0,46.7,791802,3,38.3,4.68,9,62.8,0.2978,-16.0,,-9,-0.2978,0.0,0.5,0.0,0.0,0.0,3,30.56,-30.56,0.0,3,5.79,1728,403,0.1172,1171.88,0.17,57737,21,0.0434,434.28,0.0,3333.33,,,,,0.0,3333.33,0.0,99.01,-2.0,,0,0.0,0.0,,,,,,0.24,-277960,0.383,0.68,77718,0.893,0.0,0,0.0,0.0,0,0.0,0.0,0,0.0,0.0,0,0.0,0.0,1,0.0,0.3,4,0.0,0.03,-898,0.076,0.35,14438,0.091,,,,,,,,,,,,,,,,,,,,,,,,,,,,,
BR8SVYDH,Tacos el Comando,Food and Drink,Restaurants,Mexican restaurant,Mexican restaurant,"10955 E Mississippi Ave, Aurora, CO 80012",10955 E Mississippi Ave,Aurora,Colorado,Expo Park,Expo Park,80012,US,True,39.6969888,-104.86078959999999,America/Denver,,2,CLOSED_TEMPORARILY,TRUE,TRUE,,True,Aurora,Colorado,US,https,https://tacoselcomando.com,tacoselcomando.com,tacoselcomando.com,com,622,2024-07-26,2029-07-26,IONOS SE,,,0,0,0,,TRUE,FALSE,4.97,183,"{""1"": 1, ""2"": 0, ""3"": 0, ""4"": 1, ""5"": 218}","Curbside pickup, Takeout, Dine-in","Fast service, Serves local specialty","Lunch, Dinner, Solo dining",Wheelchair accessible parking lot,"Coffee, Comfort food, Quick bite, Small plates","Breakfast, Brunch, Lunch, Dinner, Catering, Dessert, Seating",,Casual,"Family-friendly, LGBTQ+ friendly, Tourists, Transgender safespace",,"Credit cards, Debit cards, NFC mobile payments","Good for kids, Kids' menu",FALSE,TRUE,purchase_dataset@,TRUE,FALSE,2,2024-12-24,2026-02-13,471,55,24,471,471,55,55,https://www.instagram.com/tacoselcomando,tacoselcomando,https://www.facebook.com/tacoselcomando,tacoselcomando,,,,,,,,,,,,,,,129,2.84,,2.84,2.74,2.78,72,,,,,,,,,https://tacoselcomando.com/menu,,,2026-04-09T08:35:49.967611+00:00,0.25,0.25,0.6,8255.5,393.3,56.4827,0.19,99.4,75.5,99.5,0.9646,,0.9605,0.9763,0.9606,0.5623,0.4493,0.1275,98.0,98.0,,,,100.0,0.0,0.0,100.0,0.0,0.0,98.48,1.52,0.0,stable,stable,,0.0,-0.0001,0.0,0,9,15,66,20.0,-45.5,-100.0,73.8,32.8,56,50,91.1,46.0,667,254,1101,8506,2452,14736,397215,118231,637952,425373,667,607412,12,654552,245572,101,380950,448245,101,515254,184,1204,2416,13922,29156,734279,1460619,734279,0.4546,0.1151,0.2038,-0.1151,0.7454,0.2738,0.0502,0.0828,-0.0502,0.8664,0.6389,0.1516,0.2018,-0.1516,0.7474,100,11,100,607412,335340,654552,0.1829,0.5457,0.1232,0.4964,0.5623,36.5,0.81,223,15.3,0.5041,31.4,3.32,-37,65.9,0.4605,245572,195615,380950,0.67,0.739,0.4972,0.7321,0.4493,49.6,1.38,851,23.5,0.549,18.3,2.75,-665,57.7,0.4156,448245,243194,515254,0.3963,Below Average,0.6729,0.314,0.6355,0.1275,Average,48.3,1.24,791,19.2,Average,0.4621,19.6,2.89,-605,62.0,0.5025,12,101,101,729,189,moderate,0.0704,3.5,54.5,45.5,0.0,0.0,3248,1080,competitive,0.0022,1.27,21.0,57.0,22.0,0.0,6439,5031,competitive,0.0023,0.32,26.0,53.0,21.0,0.0,0.1575,0.0795,-0.1575,0.8697,43,44,2,1,27,0.9778,1.0,0.4222,1.0,0.9778,40.9,1.04,414,18.5,0.4736,27.0,3.09,-228,62.7,0.491,competitive,0.0103,1.51,53.5,37.2,9.3,0.0,0.8178,0.19,7.93,0.1422,0.7025,-0.1422,0.2467,100,101,539,1487,11302,0.9654,0.9058,0.2886,0.9867,0.9734,51.4,0.68,2526,8.5,0.8377,16.5,3.45,-2340,72.7,0.1269,competitive,0.0007,0.0004,1.11,0.09,0.7445,0.059,0.2307,-0.059,0.7185,791801,41.1,0.94,531,20.4,0.4595,26.8,3.19,-345,0.5051,0.9763,0.8799,0.4633,0.9873,0.9829,18346,0.7935,60.8,94637,424182,44.5,8.8,0.0,46.7,791802,1079,52.0,4.03,439,20.8,0.4353,25.9,0.94,-256,0.5445,0.9824,0.7013,0.4471,0.9796,0.9731,20,58.67,40.22,0.9638,1079,19.4,515,779,0.8028,8027.52,0.17,57737,21,0.0437,437.5,49.6,833.33,0.05,99.01,0.05,99.01,1.07,227.27,0.01,99.01,-14.1,-0.84,3,-18.3,-31.7,,,,,,-0.06,19803,-0.017,0.27,607411,0.183,0.2,-185692,0.251,0.64,245567,0.67,0.24,-124525,0.171,0.45,448239,0.396,0.03,-2,0.045,0.82,2,0.978,0.0,-746,0.051,0.74,539,0.965,0.9646,,,183,0.07,2.0,0.687,0.612,decelerating,0.07,0.47,2.00,2,9,54,0.732,0.739,0.740,0.687,0.612,156567,163872,163540,56,392,decelerating,-0.03,,76.24
CN2PNU6F,Pahgre's,Food and Drink,Restaurants,Italian restaurant,Italian restaurant,"1541 Oxbow Dr, Montrose, CO 81401",1541 Oxbow Dr,Montrose,Colorado,,,81401,US,True,38.4474143,-107.8654937,America/Denver,(970) 24*-****,2,OPERATIONAL,TRUE,TRUE,,True,Montrose,Colorado,US,https,https://pahgres.com,pahgres.com,pahgres.com,com,6499,2008-06-23,2027-02-22,"GoDaddy.com, LLC",purchase_dataset@yahoo.com,,1,1,0,"Relaxed eatery offering stone-baked pizzas, calzones, pastas, panini & salads, plus patio seating.",TRUE,TRUE,4.42,762,"{""1"": 29, ""2"": 24, ""3"": 47, ""4"": 168, ""5"": 510}","Outdoor seating, Curbside pickup, Onsite services, Takeout, Dine-in","Fast service, Great beer selection, Great cocktails, Great dessert, Serves local specialty","Lunch, Dinner, Solo dining","Wheelchair accessible entrance, Wheelchair accessible parking lot, Wheelchair accessible restroom, Wheelchair accessible seating","Alcohol, Beer, Cocktails, Coffee, Comfort food, Hard liquor, Healthy options, Small plates, Vegan options, Vegetarian options, Wine","Lunch, Dinner, Catering, Counter service, Dessert, Seating, Table service","Bar onsite, Restroom","Casual, Cozy, Quiet, Trendy","Family-friendly, Groups, Tourists",,"Credit cards, Debit cards","Good for kids, High chairs, Kids' menu",TRUE,TRUE,purchase_dataset@,TRUE,TRUE,4,2023-07-16,2025-10-31,998,160,31,998,998,160,160,https://www.instagram.com/pahgres,pahgres,https://www.facebook.com/pahgres,pahgres,,,https://www.tiktok.com/@pahgre.co,pahgre.co,,,https://music.youtube.com/channel/uclayut8cxzxpro7cb3dxc8g,uclayut8cxzxpro7cb3dxc8g,,,,,,,72,16.67,,,,,1,128,41,1088,4.9,,,5.87,4.9,https://pahgres.com/menu,,,2026-04-09T05:40:12.408618+00:00,0.35,0.07,0.7,18419.61,354.3,137.3494,0.14,88.4,96.1,87.0,0.7176,,0.7107,0.6831,0.6058,0.3786,0.5677,0.4697,85.5,80.3,,,,85.71,14.29,0.0,82.61,17.39,0.0,81.03,18.97,0.0,stable,improving,,5.2,0.1049,6.5,0,7,23,58,-39.1,-51.7,-100.0,76.4,27.4,84,83,86.2,46.0,18,41,22,3790,12805,5616,149050,610714,209179,160279,18,80066,20,219300,109474,36,590879,53798,3,653126,702,78,123,13922,29156,734279,1460619,734279,0.669,0.8911,0.7228,-0.8911,-0.0278,0.8069,0.0039,0.2746,-0.0039,0.4204,0.6862,0.1859,0.3502,-0.1859,0.3448,2,19,35,80066,148542,219300,0.8897,0.7977,0.7056,0.7947,0.3786,48.8,1.39,693,26.1,0.4504,16.2,1.42,85,27.0,0.2672,109474,51311,590879,0.8521,0.9306,0.2205,0.9795,0.5677,52.9,2.11,515,40.3,0.5837,12.1,0.7,263,12.8,0.1339,53798,99922,653126,0.9263,Market Leader,0.8644,0.1305,0.957,0.4697,Strong,58.2,1.9,415,37.4,Strong,0.6095,6.8,0.91,363,15.7,0.1081,20,36,3,503,61,competitive,0.0558,6.05,15.8,63.2,21.1,0.0,3416,1467,competitive,0.0413,0.45,17.1,45.7,37.1,0.0,5175,5175,concentrated,0.4838,0.01,0.0,50.0,50.0,0.0,0.1494,0.3379,-0.1494,0.3571,56,57,12,29,21,0.8,0.5333,0.6667,0.5833,0.7333,51.7,1.86,572,35.4,0.5393,13.3,0.95,206,17.7,0.1783,competitive,0.0237,1.14,16.1,51.8,32.1,0.0,0.68,0.14,14.27,0.1475,0.6947,-0.1475,0.0003,100,101,888,3534,6905,0.9435,0.7764,0.5574,0.8784,0.7265,51.3,0.66,2532,8.1,0.8376,13.7,2.15,-1754,45.0,-0.12,competitive,0.0031,0.0004,1.11,0.09,0.7775,0.059,0.2307,-0.059,0.4643,791801,41.1,0.94,531,20.4,0.4595,23.9,1.87,247,0.2581,0.9573,0.7643,0.7868,0.8937,0.7602,33243,0.8482,32.7,185574,168555,44.5,8.8,0.0,46.7,791802,64,55.4,4.39,373,43.5,0.4662,17.3,-0.02,389,0.2533,0.8095,0.254,0.7619,0.6508,0.6825,13,58.68,32.35,0.8254,64,27.6,362,415,1.5788,15787.79,0.17,57737,21,0.0438,438.48,31.14,500.0,17.09,277.78,2340.92,3333.33,5.62,175.44,0.09,99.01,-13.3,-1.61,16,-33.9,-9.4,,,,,,0.15,-86244,0.121,0.81,80066,0.89,0.33,-372655,0.501,0.69,109474,0.852,0.37,-421931,0.572,0.67,53798,0.926,0.01,-4,0.059,0.68,12,0.8,0.07,-2165,0.142,0.78,888,0.944,0.7176,,,762,0.03,1.0,0.0,0.325,decelerating,0.03,0.23,1.00,1,6,46,0.507,0.515,0.517,0.000,0.325,253363,266224,265236,2,107,decelerating,-0.07,,89.49
Q52FM26B,Taste of Tradition LLC Pantry and Deli,Food and Drink,Restaurants,Deli,Deli,"127 Justice Center Rd, Cañon City, CO 81212",127 Justice Center Rd,Cañon City,Colorado,,,81212,US,True,38.445949299999995,-105.18446949999999,America/Denver,(719) 31*-****,2,OPERATIONAL,TRUE,TRUE,,True,Cañon City,Colorado,US,,,,,,,,,,,,0,0,0,,TRUE,FALSE,5.0,48,"{""1"": 0, ""2"": 0, ""3"": 0, ""4"": 0, ""5"": 50}","Onsite services, Takeout",,,"Wheelchair accessible entrance, Wheelchair accessible parking lot",,,,,,Quick visit,,,FALSE,FALSE,purchase_dataset@,FALSE,TRUE,0,,,,,,,,,,,,,,,,,,,,,,,,,,,,,,,,,,,,,,,,,,,,,,2026-04-09T05:36:39.744940+00:00,0.0,0.19,3.3,18483.75,1045.7,76.9231,0.16,100.0,56.3,100.0,0.8411,,0.9277,0.8651,0.8604,0.6578,0.1498,0.5787,96.4,93.0,,,,100.0,0.0,0.0,100.0,0.0,0.0,100.0,0.0,0.0,stable,improving,,3.4,0.0673,3.7,0,5,19,36,-47.4,-44.4,-100.0,64.7,42.8,0,17,91.2,46.0,34,1,52,10435,124,20540,526351,3796,949879,565946,34,260390,8,130683,497452,29,376000,604389,12,589944,7,54,89,13922,29156,734279,1460619,734279,0.3672,0.3656,0.2405,-0.3656,0.6692,0.6815,0.0,0.094,0.0,0.8157,0.462,-0.0119,0.2702,0.0119,0.6395,11,7,28,260390,305194,130683,0.6452,0.5868,0.8246,0.5478,0.6578,43.7,0.89,863,16.8,0.5338,16.3,3.49,-813,67.2,0.3073,497452,311745,376000,0.3388,0.5846,0.5037,0.5592,0.1498,44.8,0.99,859,16.4,0.4499,15.2,3.39,-809,67.6,0.3912,604389,183866,589944,0.1929,Strong,0.7523,0.2145,0.7517,0.5787,Average,43.7,1.49,587,24.4,Below Average,0.6428,16.3,2.89,-537,59.6,0.1983,8,29,12,276,35,moderate,0.0082,2.23,14.3,85.7,0.0,0.0,3712,2042,competitive,0.0021,0.36,28.6,64.3,7.1,0.0,7433,5028,moderate,0.0077,0.04,45.5,36.4,18.2,0.0,0.0297,0.2248,-0.0297,0.6849,40,41,6,17,55,0.9123,0.7193,0.0526,1.0,0.9123,45.1,1.17,792,19.9,0.4844,14.9,3.21,-742,64.1,0.3567,competitive,0.0016,1.24,25.0,65.0,10.0,0.0,0.5965,0.16,10.52,0.1422,0.6949,-0.1422,0.2148,100,101,1736,1303,13244,0.8898,0.9177,0.1655,0.9907,0.8905,51.6,0.7,2532,8.5,0.8379,8.4,3.68,-2482,75.5,0.0032,competitive,0.0002,0.0004,1.11,0.09,0.6809,0.059,0.2307,-0.059,0.679,791801,41.1,0.94,531,20.4,0.4595,18.9,3.44,-481,0.3816,0.9122,0.8917,0.286,0.9896,0.9189,68682,0.7182,63.6,85384,563921,44.5,8.8,0.0,46.7,791802,43,48.0,4.24,336,32.1,0.3479,17.2,0.76,-288,0.642,0.8095,0.5238,0.4524,1.0,0.9762,9,45.6,54.4,0.9762,43,23.34,429,533,1.8484,18483.75,0.17,57737,21,0.0439,438.52,0.67,1250.0,0.04,344.83,0.59,833.33,0.02,243.9,0.0,99.01,-8.5,-0.62,2,-16.0,-2.3,,,,,,-0.05,21989,-0.025,0.68,260390,0.645,0.21,-80904,0.116,0.46,497452,0.339,0.1,-18750,0.035,0.37,604389,0.193,0.08,-17,0.449,0.6,6,0.912,0.14,-6155,0.399,0.68,1736,0.89,0.8411,,,48,0.07,2.0,0.0,0.723,stable,0.07,0.47,2.00,2,6,33,0.732,0.739,0.740,0.000,0.723,156567,163872,163540,1,12,stable,0.00,,81.25
8NHUUS74,Vinny and Marie’s Italian,Food and Drink,Restaurants,Restaurant,Restaurant,"6408 Wadsworth Blvd, Arvada, CO 80003",6408 Wadsworth Blvd,Arvada,Colorado,Lamar Heights,Lamar Heights,80003,US,True,39.813279699999995,-105.0792757,America/Denver,(720) 76*-****,1,OPERATIONAL,TRUE,TRUE,,True,Arvada,Colorado,US,http,http://vinnynmariesitalian.com,vinnynmariesitalian.com,vinnynmariesitalian.com,com,1464,2022-04-06,2027-04-06,"Register.com, Inc.",purchase_dataset@gmail.com,,1,1,0,,TRUE,FALSE,4.98,398,"{""1"": 0, ""2"": 3, ""3"": 2, ""4"": 2, ""5"": 428}","Delivery, Onsite services, Takeout, Dine-in",Fast service,"Lunch, Dinner, Solo dining","Wheelchair accessible entrance, Wheelchair accessible parking lot, Wheelchair accessible seating","Alcohol, Beer, Comfort food","Lunch, Dinner, Catering, Dessert",Restroom,Casual,Family-friendly,,"Credit cards, Debit cards",Good for kids,FALSE,TRUE,purchase_dataset@,TRUE,TRUE,3,2022-06-24,2026-03-07,1385,33,69,1385,1385,33,33,https://www.instagram.com/vinnynmariesitalian,vinnynmariesitalian,https://www.facebook.com/vinnynmariesitalian,vinnynmariesitalian,,,https://www.tiktok.com/@vinnynmariesitalian,vinnynmariesitalian,,,,,,,,,,,3594,6.38,,5.53,6.9,6.32,258,162,30,571,3.14,,5.06,5.06,5.06,https://vinnynmariesitalian.com/menu,,,2026-04-09T05:04:03.026805+00:00,2.89,1.2,0.2,9546.42,138.5,83.3333,0.46,99.6,86.7,99.2,0.4307,,0.4854,0.4892,0.4882,0.5576,0.6778,0.8858,74.3,74.4,,,,88.03,1.71,10.26,88.71,1.61,9.68,88.51,1.35,10.14,stable,stable,,-0.1,-0.0028,-0.1,0,117,124,148,88.7,216.2,-100.0,77.0,38.5,76,67,74.5,46.0,131,24,190,6296,2348,10082,272142,114947,409613,291606,131,19670,11,327087,117775,101,139875,148389,101,32295,179,242,471,13922,29156,734279,1460619,734279,0.8197,0.0591,0.5931,-0.0591,-0.1336,0.8417,0.1,0.3502,-0.1,0.1093,0.8008,0.1444,0.4736,-0.1444,-0.0141,100,10,100,19670,38444,327087,0.9729,0.9472,0.5611,0.9528,0.5576,53.1,2.01,555,38.3,0.5027,-2.6,-0.83,-139,-15.9,0.3633,117775,200475,139875,0.8411,0.7324,0.8153,0.6807,0.6778,52.6,1.36,1389,21.2,0.6179,-2.1,-0.18,-973,1.2,0.2481,148389,215409,32295,0.7988,Market Leader,0.7103,0.957,0.5436,0.8858,Market Leader,53.8,1.35,2477,15.6,Market Leader,0.7304,-3.3,-0.17,-2061,6.8,0.1356,11,101,101,267,0,moderate,0.0698,3.18,20.0,50.0,30.0,0.0,3298,1187,competitive,0.003,1.27,5.0,65.0,30.0,0.0,8225,5052,competitive,0.0017,0.32,2.0,70.0,28.0,0.0,0.1232,0.3887,-0.1232,0.0708,100,101,89,118,147,0.6812,0.5761,0.471,0.6159,0.9529,52.0,1.38,1116,22.0,0.5452,-1.5,-0.2,-700,0.4,0.3208,competitive,0.0037,0.97,10.0,62.0,28.0,0.0,0.5866,0.46,4.18,0.1475,0.6862,-0.1475,-0.2267,100,101,3693,5670,9175,0.7664,0.643,0.4226,0.6743,0.9125,51.3,0.65,2524,8.0,0.8372,-0.8,0.53,-2108,14.4,0.0288,competitive,0.0016,0.0004,1.11,0.09,0.6262,0.059,0.2307,-0.059,0.2288,791801,41.1,0.94,531,20.4,0.4595,9.4,0.24,-115,0.4065,0.7706,0.6075,0.6405,0.6254,0.9395,179831,0.6826,2.0,310495,284219,44.5,8.8,0.0,46.7,791802,211,57.3,3.98,546,26.3,0.4693,18.2,0.96,-148,0.5044,0.9524,0.7952,0.4524,0.5524,0.9714,11,66.47,31.02,0.9524,211,8.04,1244,1212,0.8974,8973.89,0.17,57737,21,0.0437,437.16,48.67,909.09,0.09,99.01,0.03,99.01,0.14,99.01,0.03,99.01,-38.8,-3.8,19,-76.8,-44.8,,,,,,0.06,-59571,0.083,0.84,19669,0.973,0.09,-100150,0.139,0.8,117774,0.841,-0.07,82879,-0.106,0.82,148388,0.799,-0.23,87,-0.315,0.59,89,0.681,-0.2,3676,-0.232,0.63,3693,0.766,0.866,,,398,0.17,5.0,0.864,0.858,decelerating,0.17,1.17,5.00,5,98,125,0.922,0.925,0.925,0.864,0.858,53844,56182,56200,4,210,decelerating,-1.33,,78.03
FJSCXRFQ,Wetzel's Pretzels,Food and Drink,Restaurants,Fast food restaurant,"Fast food restaurant, Bakery, Pretzel store","8400 Peña Blvd Suite #5051-2, Denver, CO 80249",8400 Peña Blvd Suite #5051-2,Denver,Colorado,Denver International Airport,DIA,80249,US,True,39.8494689,-104.67387199999999,America/Denver,(303) 34*-****,1,CLOSED_TEMPORARILY,FALSE,TRUE,,True,Denver,Colorado,US,https,https://wetzels.com,wetzels.com,wetzels.com,com,10836,1996-08-08,2029-01-16,"Amazon Registrar, Inc.",,,0,0,0,Handcrafted pretzels come sweet or salty at this chain that also offers hot dogs & specialty dips.,TRUE,TRUE,3.33,3,"{""1"": 11, ""2"": 5, ""3"": 1, ""4"": 2, ""5"": 8}","Curbside pickup, Dine-in",,Solo dining,"Wheelchair accessible entrance, Wheelchair accessible parking lot",Quick bite,Dessert,,Casual,,,"Credit cards, Debit cards, NFC mobile payments",Good for kids,FALSE,TRUE,purchase_dataset@,FALSE,TRUE,0,,,,,,,,,,,,,,,,,,,,,,,,,,,,,,,,,,,,,,,,,,,,,,2026-04-09T04:13:40.786290+00:00,,,,,,,,66.6,20.1,66.7,0.1667,,,,,,,,,,,,,,,,,,,,,,stable,stable,,,,,0,0,0,0,,,,43.1,19.5,0,50,50.0,46.0,2331,4441,4717,12358,24865,26367,638027,1247349,1278314,687966,2331,,,,,,,,,,1381,2619,5203,13922,29156,734279,1460619,734279,,,,,,,,,,,,,,,,,,,,,,,,,,,,,,,,,,,,,,,,,,,,,,,,,,,,,,,,,,,,,,,,,,,,,,,,,,,,,,,,,,,,,,,,,,,,,,,,,,,,,,,,,,,,,,,,,,,,,,,,,,,,,,,,,,,,,,,,,,,,,,,,,,,,,,,,,,,,,,,,,,,,,,,,,,,,,,,,,,,,,,,,,,,,,,,,,,,,,,,213,50.0,3.65,457,20.3,0.302,-29.9,,-454,-0.1353,0.0519,0.7783,0.1462,0.0,0.4292,202,52.99,-52.99,0.0,213,,,,,,,,,,,,,,,,,,,,,-4.7,0.0,27,-50.0,0.0,,,,,,,,,,,,,,,,,,,,,,,,,,,,,,,,,,,,0.1667,,,27,0.0,0.0,0.0,0.0,stable,0.00,0.00,0.00,0,0,4,,,,0.000,0.000,,,,69,686,stable,,,
S3FKBUWX,Paris Banh Mi Cafe Bakery Aurora,Food and Drink,Restaurants,Fast food restaurant,Fast food restaurant,"475 N Sable Blvd, Aurora, CO 80011",475 N Sable Blvd,Aurora,Colorado,City Center North,City Center North,80011,US,True,39.7233801,-104.82084569999999,America/Denver,(720) 36*-****,2,,TRUE,TRUE,,True,Aurora,Colorado,US,,,,,,,,,,,,0,0,0,,TRUE,FALSE,4.5,152,"{""1"": 10, ""2"": 5, ""3"": 5, ""4"": 11, ""5"": 128}","Outdoor seating, Onsite services, Takeout, Dine-in","Active military discounts, Great coffee","Breakfast, Lunch, Dinner, Solo dining","Wheelchair accessible entrance, Wheelchair accessible parking lot, Wheelchair accessible restroom, Wheelchair accessible seating","Coffee, Quick bite, Vegetarian options","Breakfast, Lunch, Dinner, Catering, Counter service, Dessert, Seating","Restroom, Wi-Fi",Casual,Family-friendly,,"Credit cards, Debit cards, NFC mobile payments",Good for kids,TRUE,FALSE,purchase_dataset@,TRUE,TRUE,2,2022-04-24,2024-06-11,1446,667,24,1446,1446,667,667,https://www.instagram.com/parisbanhmicolorado,parisbanhmicolorado,https://www.facebook.com/presotea.coloradosprings,presotea.coloradosprings,,,,,,,,,,,,,,,668,1.83,,,,,124,,,,,,,,,https://parisbanhmicolorado.com,,,2026-04-09T04:08:50.028210+00:00,0.17,1.92,1.2,3345.26,103.4,111.479,1.3,90.0,72.8,86.8,0.7454,,1.0,0.6381,0.6489,0.4341,0.4143,0.6485,100.0,82.4,,,,100.0,0.0,0.0,78.95,15.79,5.26,80.72,14.46,4.82,stable,improving,,17.6,0.3511,21.4,0,7,38,83,-63.2,-66.3,-100.0,67.1,9.5,56,50,96.8,46.0,701,771,1167,8917,10993,15714,422226,516209,689667,452281,701,698798,18,217984,225590,101,152074,195836,101,96027,594,1204,2416,13922,29156,734279,1460619,734279,0.7506,0.1149,0.5364,-0.1149,0.4636,0.2796,0.0759,0.1466,-0.0759,0.8534,0.6992,0.1266,0.3212,-0.1266,0.6788,100,17,100,698798,636877,217984,0.0631,0.1404,0.7075,0.0397,0.4341,32.5,0.25,695,2.4,0.4669,6.3,0.13,-543,4.8,0.2785,225590,297693,152074,0.6961,0.6032,0.7992,0.528,0.4143,50.0,1.03,1347,15.3,0.5392,-11.2,-0.65,-1195,-8.1,0.2062,195836,259358,96027,0.7341,Below Average,0.6512,0.872,0.5436,0.6485,Strong,52.3,1.18,1917,15.6,Strong,0.6623,-13.5,-0.8,-1765,-8.4,0.0831,18,101,101,439,35,competitive,0.0127,5.41,70.6,29.4,0.0,0.0,3087,1001,competitive,0.0011,1.27,11.0,71.0,18.0,0.0,7436,5013,competitive,0.0008,0.32,3.0,74.0,23.0,0.0,0.1078,0.5602,-0.1078,0.4398,100,101,762,605,939,0.4381,0.553,0.3085,0.5736,0.8159,53.3,1.34,2016,17.2,0.658,-14.5,-0.96,-1864,-10.0,0.0874,competitive,0.0008,0.23,1.0,70.0,29.0,0.0,0.4337,1.44,1.38,0.1457,0.6936,-0.1457,0.3064,100,101,9187,6808,11651,0.4192,0.5698,0.2662,0.5827,0.7697,51.8,0.74,2521,9.1,0.8349,-13.0,-0.36,-2369,-1.9,-0.0895,competitive,0.0006,0.0004,1.11,0.09,0.4185,0.059,0.2307,-0.059,0.7693,791801,41.1,0.94,531,20.4,0.4595,-2.3,-0.56,-379,0.2859,0.4339,0.5486,0.4262,0.5575,0.8011,445993,0.466,-13.2,355552,453449,44.5,8.8,0.0,46.7,791802,115,51.1,3.53,459,18.8,0.2805,13.7,1.22,-307,0.4619,0.7982,0.7456,0.3947,0.5439,0.9474,24,56.53,32.44,0.9649,115,2.59,3863,906,0.5218,5218.47,0.17,57737,21,0.0437,436.67,1.61,555.56,0.01,99.01,0.01,99.01,0.01,99.01,0.0,99.01,-34.4,-4.12,0,-79.6,-27.3,,,,,,-0.16,93504,-0.113,0.28,698798,0.063,0.14,-102431,0.141,0.7,225590,0.696,0.06,-42933,0.066,0.75,195836,0.734,-0.19,395,-0.286,0.43,762,0.438,-0.14,3580,-0.218,0.42,9187,0.419,0.7454,,,152,0.0,0.0,0.0,0.0,decelerating,0.20,1.40,6.00,6,14,92,0.774,0.782,0.782,0.728,0.664,173580,180528,180244,31,257,accelerating,0.07,,89.4
62RFFCL2,Astro Coffee | Coffee Catering in Denver,Food and Drink,Restaurants,Mobile caterer,"Mobile caterer, Coffee stand","16010 W 5th Ave #2, Golden, CO 80401",16010 W 5th Ave #2,Golden,Colorado,East Old Golden Rd,,80401,US,True,39.722948699999996,-105.180431,America/Denver,(231) 26*-****,0,,TRUE,FALSE,,True,Golden,Colorado,US,https,https://astrocoffee.com,astrocoffee.com,astrocoffee.com,com,3035,2017-12-17,2026-12-17,Squarespace Domains LLC,purchase_dataset@astrocoffeevan.com,,1,1,0,,TRUE,FALSE,4.43,7,"{""1"": 2, ""2"": 1, ""3"": 2, ""4"": 0, ""5"": 113}","Delivery, Takeout, Dine-in",,,Wheelchair accessible parking lot,,,,,,,"Credit cards, Debit cards, NFC mobile payments",,FALSE,TRUE,purchase_dataset@,TRUE,TRUE,5,2022-11-07,2023-01-10,1249,1185,4,1249,1249,1185,1185,https://www.instagram.com/astrocoffeeny,astrocoffeeny,https://www.facebook.com/astrocoffeeco,astrocoffeeco,https://twitter.com/astrocoffee,astrocoffee,https://www.tiktok.com/@astrocoffeeco,astrocoffeeco,https://www.linkedin.com/company/astrobrew,astrobrew,,,,,,,,,,,,,,,,70,4,799,1.65,,,,,https://astrocoffee.com/menu,,,2026-04-09T03:33:18.169293+00:00,,,,,,,,88.6,30.1,85.7,0.7143,,1.0,1.0,1.0,,,,100.0,100.0,,,,100.0,0.0,0.0,100.0,0.0,0.0,100.0,0.0,0.0,stable,stable,,0.0,0.0,0.0,0,1,2,4,0.0,0.0,-100.0,72.6,61.8,80,67,85.0,46.0,110,142,219,11908,12728,25055,611082,607051,1204494,658606,110,,,,,,,,,,696,124,245,13922,29156,734279,1460619,734279,,,,,,,,,,,,,,,,,,,,,,,,,,,,,,,,,,,,,,,,,,,,,,,,,,,,,,,,,,,,,,,,,,,,,,,,,,,,,,,,,,,,,,,,,,,,,,,,,,,,,,,,,,,,,,,,,,,,,,,,,,,,,,,,,,,,,,,,,,,,,,,,,,,,,,,,,,,,,,,,,,,,,,,,,,,,,,,,,,,,,,,,,,,,,,,,,,,,,,,111,58.9,4.22,603,19.8,0.5792,-16.2,,-596,0.1351,0.1364,0.8727,0.0727,0.0,0.6182,96,69.96,-69.96,0.0,111,,,,,,,,,,,,,,,,,,,,,8.9,0.0,107,-50.0,42.3,,,,,,,,,,,,,,,,,,,,,,,,,,,,,,,,,,,,0.7143,100.0,0.0,89,0.13,4.0,1.0,0.966,accelerating,0.13,0.93,4.00,4,7,38,,,,1.000,0.966,,,,1,5,accelerating,,,
4ZNGV2X6,Uchiko Denver,Food and Drink,Restaurants,Japanese restaurant,"Japanese restaurant, Fine dining restaurant, Sushi restaurant","299 Fillmore St, Denver, CO 80206",299 Fillmore St,Denver,Colorado,Cherry Creek,Cherry Creek,80206,US,True,39.720893499999995,-104.95361589999999,America/Denver,(303) 44*-****,4,CLOSED_TEMPORARILY,TRUE,TRUE,,True,Denver,Colorado,US,https,https://uchiko.uchirestaurants.com/location/sushi-denver,uchiko.uchirestaurants.com/location/sushi-denver,uchiko.uchirestaurants.com,com,5466,2011-04-19,2026-04-19,"GoDaddy.com, LLC","purchase_dataset@uchirestaurants.com, purchase_dataset@haihospitality.com, purchase_dataset@uchirestaurants.com, purchase_dataset@uchirestaurants.com, purchase_dataset@haihospitality.com",,5,5,0,,TRUE,FALSE,4.42,24,"{""1"": 9, ""2"": 7, ""3"": 8, ""4"": 8, ""5"": 84}","Curbside pickup, Delivery, Takeout, Dine-in",,,,"Alcohol, Cocktails, Happy hour drinks, Vegetarian options, Wine","Lunch, Catering, Counter service, Table service","Bar onsite, Restroom",,,Accepts reservations,,,FALSE,TRUE,purchase_dataset@,TRUE,TRUE,4,2025-06-02,2026-03-04,311,36,80,311,311,36,36,https://www.instagram.com/uchikorestaurants,uchikorestaurants,https://www.facebook.com/p/uchiko-plano-61558983809023,uchiko-plano-61558983809023,,,https://www.tiktok.com/@uchirestaurants,uchirestaurants,https://www.linkedin.com/company/hai-hospitality,hai-hospitality,,,,,,,,,45180,0.67,,1.58,0.67,0.67,1936,5500,100,36500,0.64,,0.21,0.51,0.64,https://uchiko.uchirestaurants.com/location/sushi-denver/menu,https://sevenrooms.com/explore/uchikodenver/reservations/create/search,https://sevenrooms.com/explore/uchikodenver/reservations/create/search,2026-04-09T03:05:03.442672+00:00,6.31,20.55,0.0,3575.65,18.1,56.551,2.67,88.4,46.6,83.3,0.641,1.0,0.641,0.641,0.641,0.6635,0.9641,0.9297,82.0,82.0,100.0,0.0,0.0,79.17,16.67,4.17,79.17,16.67,4.17,79.17,16.67,4.17,improving,stable,0.359,0.0,0.0,0.0,3,24,24,24,100.0,300.0,-62.5,71.9,70.5,60,67,76.3,46.0,2048,2421,4049,11046,12948,22603,564760,618896,1065064,607983,2048,336316,74,95976,117775,101,48174,163327,101,57294,713,2619,5203,13922,29156,734279,1460619,734279,0.7826,0.1301,0.5916,-0.1301,-0.0676,0.6546,0.0194,0.2766,-0.0194,0.2474,0.7824,0.0572,0.591,-0.0572,-0.067,100,73,100,336316,305194,95976,0.5429,0.5868,0.8712,0.4964,0.6635,42.2,0.89,969,15.3,0.5357,15.6,1.94,-914,8.3,0.1053,117775,337326,48174,0.8411,0.5502,0.9364,0.4451,0.9641,52.6,0.92,2003,12.7,0.7624,5.2,1.91,-1948,10.9,-0.1214,163327,262139,57294,0.7784,Strong,0.6473,0.9236,0.4828,0.9297,Strong,53.3,1.17,2160,13.7,Strong,0.754,4.5,1.66,-2105,9.9,-0.113,74,101,101,358,29,competitive,0.0008,23.24,42.5,45.2,12.3,0.0,3636,1346,competitive,0.0003,1.27,1.0,79.0,20.0,0.0,7078,5062,competitive,0.0003,0.32,0.0,75.0,24.0,1.0,0.0917,0.6643,-0.0917,-0.1403,100,101,377,678,2399,0.869,0.7674,0.1786,0.6712,0.585,52.4,0.94,2541,11.6,0.7898,5.4,1.89,-2486,12.0,-0.1488,competitive,0.0002,0.25,1.0,81.0,18.0,0.0,0.6314,2.67,0.73,0.1457,0.6808,-0.1457,-0.1568,100,101,2097,3558,12726,0.8671,0.775,0.1991,0.676,0.6133,51.6,0.69,2507,8.7,0.834,6.2,2.14,-2452,14.9,-0.193,competitive,0.0002,0.0004,1.11,0.09,0.6391,0.059,0.2307,-0.059,0.2933,791801,41.1,0.94,531,20.4,0.4595,16.7,1.89,-476,0.1815,0.8884,0.767,0.2948,0.6306,0.6479,87514,0.6739,3.2,183323,557004,44.5,8.8,0.0,46.7,791802,2387,54.5,4.15,485,22.7,0.4897,16.9,0.1,-461,0.4194,0.8734,0.3445,0.2133,0.8315,0.9384,299,60.59,39.41,0.9681,2387,1.4,7155,1786,0.3552,3551.85,0.17,57737,21,0.0434,434.28,0.01,135.14,0.0,99.01,0.0,99.01,0.0,99.01,0.0,99.01,-18.0,-1.54,36,-60.6,8.7,,,,,,0.02,67242,-0.085,0.65,336316,0.543,-0.17,92992,-0.123,0.78,117775,0.841,-0.11,92338,-0.118,0.78,163327,0.778,0.15,-485,0.17,0.63,377,0.869,0.13,-2212,0.147,0.64,2097,0.867,0.641,,,24,0.5,15.0,0.968,0.986,accelerating,0.50,3.50,15.00,15,31,31,0.988,0.988,0.988,0.968,0.986,10355,10774,10795,2,3,accelerating,-0.13,,76.47
3M27KGAD,Papa Murphy's | Take 'N' Bake Pizza,Food and Drink,Restaurants,Pizza restaurant,"Pizza restaurant, Family restaurant, Italian restaurant, Takeout Restaurant, Vegetarian restaurant","569 32 Rd #6, Grand Junction, CO 81504",569 32 Rd #6,Fruitvale,Colorado,,,81504,US,True,39.087052899999996,-108.46294139999999,America/Denver,(970) 52*-****,2,,TRUE,TRUE,Fruitvale,False,Fruitvale,Colorado,US,https,https://locations.papamurphys.com/co/grand-junction/569-32nd-road,locations.papamurphys.com/co/grand-junction/569-32nd-road,locations.papamurphys.com,com,10266,1998-02-24,2026-11-05,"GoDaddy.com, LLC",purchase_dataset@gmail.com,,1,1,0,"Chain outlet offering build-your-own takeaway pizzas, to be cooked at home.",TRUE,TRUE,4.44,482,"{""1"": 32, ""2"": 12, ""3"": 27, ""4"": 54, ""5"": 367}","No-contact delivery, Delivery, Onsite services, Takeout",,Dinner,"Wheelchair accessible entrance, Wheelchair accessible parking lot","Comfort food, Vegan options, Vegetarian options","Lunch, Dinner, Counter service, Dessert",,"Casual, Quiet",Family-friendly,,"Checks, Credit cards, Debit cards, NFC mobile payments","Good for kids, Kids' menu",TRUE,TRUE,purchase_dataset@,TRUE,TRUE,4,2025-11-03,2026-02-14,157,54,24,157,157,54,54,https://www.instagram.com/papamurphys,papamurphys,https://www.facebook.com/papamurphyspizza,papamurphyspizza,https://twitter.com/ivansamkov17549,ivansamkov17549,,,,,https://www.youtube.com/user/papamurphyspizza,papamurphyspizza,,,,,,,46772,1.02,,0.5,1.02,1.02,1674,,,,,,,,,https://papamurphys.com/menu,,,2026-04-09T03:01:51.289958+00:00,563.52,0.0,0.0,99096.34,2441.2,89.539,0.03,88.8,89.5,85.3,0.7224,,0.7113,0.8669,0.8597,0.2344,0.2101,0.4426,85.6,93.0,,,,85.71,14.29,0.0,94.44,5.56,0.0,94.69,5.31,0.0,stable,declining,,-7.4,-0.1484,-8.0,0,14,54,113,-48.1,-50.4,-100.0,70.5,9.5,72,83,78.6,46.0,1,5,3,5646,12390,8826,237958,587751,351558,255253,1,481447,33,319214,716909,30,688800,459056,101,468205,671,1,5,13922,29156,734279,1460619,734279,0.4182,0.0708,0.3415,-0.0708,0.1532,0.3509,0.0043,0.0568,-0.0043,0.4379,0.1633,0.0813,0.2803,-0.0813,0.2144,100,32,29,481447,642415,319214,0.349,0.1327,0.5717,0.1087,0.2344,39.5,0.24,564,5.8,0.4028,12.2,1.46,-79,26.6,0.3196,716909,463876,688800,0.0535,0.3815,0.0916,0.6486,0.2101,37.1,0.63,340,19.8,0.4753,14.6,1.07,145,12.6,0.2471,459056,364939,468205,0.3819,Below Average,0.5082,0.3764,0.5106,0.4426,Emerging,48.1,0.87,909,14.5,Average,0.6006,3.6,0.83,-424,17.9,0.1218,33,30,101,565,25,competitive,0.0262,10.19,43.8,56.3,0.0,0.0,3482,1031,competitive,0.0468,0.37,62.1,34.5,3.4,0.0,8233,5010,competitive,0.0053,0.32,19.0,65.0,16.0,0.0,,,,,,,,,,,,,,,,,,,,,,,,,,,,,,,,,,,0.151,0.6881,-0.151,-0.1934,100,101,3395,5280,8611,0.7849,0.6671,0.458,0.7321,0.7395,51.6,0.69,2515,8.7,0.8337,0.1,1.01,-2030,23.7,-0.1113,competitive,0.0019,0.0004,1.11,0.09,0.6515,0.059,0.2307,-0.059,0.264,791801,41.1,0.94,531,20.4,0.4595,10.6,0.76,-46,0.2629,0.7968,0.6363,0.6766,0.6747,0.7674,159330,0.7126,12.0,287351,255708,44.5,8.8,0.0,46.7,791802,1,70.6,4.6,482,32.6,0.7247,0.0,0.0,0,0.0,0.0,0.0,0.0,0.0,0.0,1,90.32,0.0,0.0,1,,,,,,0.17,57737,21,0.0436,435.63,6.86,303.03,21.95,333.33,0.28,99.01,,,0.04,99.01,-30.0,-2.74,3,-52.9,-44.5,,,,,,-0.06,3850,0.003,0.35,481446,0.349,0.13,-21271,0.04,0.16,716908,0.054,0.08,-57147,0.081,0.42,459055,0.382,0.0,0,0.0,0.0,0,0.0,-0.07,1980,-0.122,0.65,3395,0.785,0.7224,,,482,0.0,0.0,0.0,0.0,decelerating,0.27,1.87,8.00,8,37,127,0.848,0.854,0.854,0.000,0.750,119524,124212,124100,1,161,decelerating,-0.13,,87.73
AYUGFJMD,Gunther Toody's Diner,Food and Drink,Restaurants,Breakfast restaurant,"Breakfast restaurant, American restaurant, Brunch restaurant, Diner, Family restaurant, Hamburger restaurant, Pancake restaurant, Restaurant","8266 W Bowles Ave, Littleton, CO 80123",8266 W Bowles Ave,Columbine,Colorado,,,80123,US,True,39.606848299999996,-105.09076909999999,America/Denver,(303) 93*-****,2,,TRUE,TRUE,Columbine,False,Columbine,Colorado,US,http,http://gunthertoodys.com,gunthertoodys.com,gunthertoodys.com,com,9616,1999-12-08,2030-12-08,"Network Solutions, LLC","purchase_dataset@gunthertoodys.com, purchase_dataset@gunthertoodys.com, purchase_dataset@gunthertoodys.com, purchase_dataset@gunthertoodys.com, purchase_dataset@gunthertoodys.com",realdomain,5,0,5,"Nostalgic, '50s diner down to the last detail, with burgers & shakes & servers in retro uniforms.",TRUE,TRUE,4.13,1054,"{""1"": 134, ""2"": 94, ""3"": 195, ""4"": 486, ""5"": 1471}","Curbside pickup, No-contact delivery, Delivery, Onsite services, Takeout, Dine-in","Fast service, Great coffee, Great dessert, Serves local specialty, Sports","Breakfast, Solo dining","Wheelchair accessible entrance, Wheelchair accessible parking lot, Wheelchair accessible restroom, Wheelchair accessible seating","Alcohol, Beer, Cocktails, Coffee, Comfort food, Happy hour drinks, Happy hour food, Hard liquor, Quick bite, Small plates, Vegan options, Wine","Breakfast, Brunch, Lunch, Dinner, Catering, Counter service, Dessert, Seating, Table service","Bar onsite, Restroom, Wi-Fi","Casual, Cozy","Family-friendly, Groups, Tourists",Accepts reservations,"Credit cards, Debit cards, NFC mobile payments","Good for kids, Good for kids birthday, Has changing table(s), High chairs, Kids' menu",TRUE,TRUE,purchase_dataset@,TRUE,TRUE,6,2022-09-07,2026-02-27,1310,41,71,1310,1310,41,41,https://www.instagram.com/gunthertoodys,gunthertoodys,https://www.facebook.com/gunthertoodys,gunthertoodys,https://twitter.com/gunthertoodys,gunthertoodys,https://www.tiktok.com/@gunthertoodys,gunthertoodys,https://www.linkedin.com/company/gunther-toodys-diner,gunther-toodys-diner,https://www.youtube.com/channel/uc1qip9xgt3qpjlq0dwjkcua,uc1qip9xgt3qpjlq0dwjkcua,,,,,,,2000,2.91,,3.53,2.91,2.91,1974,96,22,1235,4.4,,10.06,10.06,10.06,https://gunthertoodys.com/menu,,,2026-04-09T02:59:50.608571+00:00,7.94,0.0,0.1,105166.79,343.2,70.0416,0.09,82.6,100.0,77.3,0.5772,,0.681,0.699,0.6653,0.1118,0.2819,0.6005,84.0,83.3,,,,84.29,15.71,0.0,84.85,14.55,0.61,83.19,15.49,1.33,stable,stable,,0.7,0.0157,0.8,0,70,165,226,-15.2,23.9,-100.0,72.5,9.5,100,83,82.6,46.0,1,6,1,1948,18372,2607,68387,901889,90168,73794,1,455896,57,302778,417339,101,434439,203983,101,254092,1033,8,13,13922,29156,734279,1460619,734279,0.6849,0.1179,0.4667,-0.1179,0.2143,0.4664,0.0948,0.2363,-0.0948,0.4447,0.458,0.0942,0.294,-0.0942,0.387,100,56,100,455896,406045,302778,0.3831,0.4501,0.5937,0.5245,0.1118,40.0,0.65,583,16.1,0.3403,26.0,3.43,1767,18.2,0.2369,417339,367981,434439,0.4426,0.51,0.4267,0.472,0.2819,46.4,0.84,765,13.5,0.5,19.6,3.24,1585,20.8,0.0772,203983,253822,254092,0.7223,Average,0.6586,0.6613,0.583,0.6005,Average,52.1,1.2,1374,17.1,Strong,0.649,13.9,2.88,976,17.2,-0.0718,57,101,101,610,47,competitive,0.0671,17.83,42.9,51.8,5.4,0.0,3188,1021,competitive,0.0298,1.27,28.0,58.0,14.0,0.0,7624,5072,competitive,0.0168,0.32,6.0,69.0,24.0,1.0,0.0917,0.6643,-0.0917,0.0167,100,101,1,2,3,1.0,0.8571,0.7143,0.8571,0.0,52.4,0.94,2541,11.6,0.7898,13.6,3.14,-191,22.7,-0.2126,competitive,0.0092,5.71,1.0,81.0,18.0,0.0,0.8714,0.09,20.77,0.1475,0.6973,-0.1475,-0.0163,100,101,785,1532,883,0.9497,0.9031,0.9444,0.7431,0.525,51.5,0.68,2523,8.6,0.8376,14.5,3.4,-173,25.7,-0.2604,competitive,0.0092,0.0004,1.11,0.09,0.9341,0.059,0.2307,-0.059,0.4503,791801,41.1,0.94,531,20.4,0.4595,24.9,3.14,1819,0.1177,0.9645,0.8775,0.9632,0.6865,0.5648,27544,0.938,13.9,96605,29137,44.5,8.8,0.0,46.7,791802,6,53.6,3.78,446,33.6,0.1951,24.3,0.35,608,0.3661,1.0,0.6,1.0,1.0,0.8,1,36.33,43.06,0.8,6,39.64,252,1442,10.0734,100734.47,0.17,57737,21,0.0437,436.95,45.08,175.44,8.89,99.01,2.83,99.01,0.84,99.01,0.85,99.01,-19.7,-0.05,1296,-43.0,-70.6,,,,,,0.13,-82883,0.119,0.47,455895,0.383,0.11,-33544,0.049,0.46,417338,0.443,0.1,-108479,0.152,0.68,203982,0.722,0.56,-3,0.429,0.87,1,1.0,0.18,500,-0.031,0.93,785,0.95,0.5772,,,1054,0.0,0.0,0.0,0.0,decelerating,0.43,3.03,13.00,13,150,270,0.929,0.932,0.932,0.000,0.762,59136,61460,61468,1,62,decelerating,-1.77,,79.32
FM8TAMS6,Little Cambodia,Food and Drink,Restaurants,Cambodian restaurant,"Cambodian restaurant, Asian restaurant, Restaurant","7595 US-50, Salida, CO 81201",7595 US-50,Salida,Colorado,,,81201,US,True,38.5244413,-106.0174478,America/Denver,(719) 20*-****,2,OPERATIONAL,TRUE,TRUE,,True,Salida,Colorado,US,https,https://facebook.com/littlecambodiasalida,facebook.com/littlecambodiasalida,facebook.com,com,10599,1997-03-29,2034-03-30,"RegistrarSafe, LLC",,,0,0,0,Casual restaurant with a full bar & indoor/outdoor seating serving traditional Cambodian dishes.,TRUE,TRUE,4.23,267,"{""1"": 30, ""2"": 10, ""3"": 12, ""4"": 31, ""5"": 182}","Outdoor seating, Onsite services, Takeout, Dine-in","Fast service, Great tea selection","Lunch, Dinner, Solo dining","Wheelchair accessible entrance, Wheelchair accessible parking lot, Wheelchair accessible restroom, Wheelchair accessible seating","Coffee, Comfort food, Healthy options, Quick bite, Small plates, Vegan options, Vegetarian options","Lunch, Dinner, Counter service, Dessert, Seating, Table service","Bar onsite, Restroom","Casual, Cozy, Quiet, Trendy","Groups, Tourists",,"Credit cards, Debit cards","Good for kids, High chairs",TRUE,TRUE,purchase_dataset@,TRUE,TRUE,1,,,,,,,,,,,,https://www.facebook.com/littlecambodiasalida,littlecambodiasalida,,,,,,,,,,,,,,,,,,,,,,,,,,,,,,,,,2026-04-09T02:55:31.957457+00:00,0.0,0.0,5.9,53633.96,4270.6,70.7851,0.04,84.6,80.9,80.5,0.6036,,0.4241,0.735,0.3433,0.9394,0.7614,0.9265,71.2,67.2,,,,50.0,0.0,50.0,80.0,0.0,20.0,65.52,29.31,5.17,stable,improving,,4.0,0.0808,6.0,0,6,15,58,-20.0,-58.6,-100.0,57.9,9.5,8,67,63.9,46.0,28,83,43,7566,16777,12635,340410,817723,529685,364400,28,265136,14,378166,285400,21,448330,469630,7,697690,947,56,102,13922,29156,734279,1460619,734279,0.3738,0.1667,0.5354,-0.1667,-0.4244,0.5128,0.1523,0.4772,-0.1523,-0.3662,0.5957,0.321,0.4464,-0.321,-0.3354,6,13,20,265136,468910,378166,0.6388,0.3649,0.4926,0.4369,0.9394,43.6,0.53,500,13.7,0.6827,-14.5,-0.51,-236,-13.3,-0.0709,285400,183823,448330,0.6169,0.7548,0.4083,0.7472,0.7614,48.8,1.43,743,24.2,0.646,-19.7,-1.41,-479,-23.8,-0.0342,469630,235264,697690,0.3685,Average,0.6835,0.0713,0.7671,0.9265,Average,47.9,1.27,281,25.1,Below Average,0.7513,-18.8,-1.25,-17,-24.7,-0.1395,14,21,7,387,87,competitive,0.039,4.14,23.1,76.9,0.0,0.0,1503,1152,competitive,0.0175,0.25,20.0,70.0,10.0,0.0,7600,6516,concentrated,0.1352,0.02,16.7,66.7,16.7,0.0,0.1861,0.4765,-0.1861,-0.3655,54,55,57,61,35,0.1077,0.0462,0.4615,0.0769,0.2154,44.9,0.85,563,16.1,0.7059,-15.8,-0.83,-299,-15.7,-0.0941,competitive,0.0086,7.41,25.9,70.4,3.7,0.0,0.1954,0.04,42.79,0.1475,0.691,-0.1475,-0.58,100,101,12564,11076,10459,0.2083,0.2857,0.3416,0.295,0.5689,51.3,0.65,2520,8.0,0.8375,-22.2,-0.63,-2256,-7.6,-0.2257,competitive,0.001,0.0004,1.11,0.09,0.2715,0.059,0.2307,-0.059,-0.1197,791801,41.1,0.94,531,20.4,0.4595,-12.0,-0.92,-267,0.1523,0.2146,0.1288,0.5359,0.1513,0.6084,620557,0.2852,-20.0,680373,366754,44.5,8.8,0.0,46.7,791802,59,59.5,4.46,407,16.0,0.671,-12.1,-1.46,-140,-0.273,0.1034,0.0345,0.5172,0.0517,0.1379,53,74.25,-38.4,0.1379,59,95.31,105,777,5.3634,53633.96,0.17,57737,21,0.0436,436.43,15.23,714.29,3.05,476.19,182.91,1428.57,0.74,181.82,0.01,99.01,-40.9,-4.21,-3,-80.1,-54.0,,,,,,-0.23,178524,-0.241,0.51,265135,0.639,0.09,-171679,0.232,0.6,285399,0.617,-0.06,-55282,0.079,0.37,469629,0.369,-0.14,19,-0.273,0.2,57,0.108,-0.21,5482,-0.333,0.27,12564,0.208,0.6118,,,267,0.0,0.0,0.0,0.0,decelerating,0.07,0.47,2.00,2,9,68,0.439,0.452,0.454,0.000,0.000,417455,437538,435431,1,1,decelerating,-0.10,,83.52
6N5SQDN8,Potager,Food and Drink,Restaurants,New American restaurant,"New American restaurant, Restaurant, Wine bar","1109 N Ogden St, Denver, CO 80218",1109 N Ogden St,Denver,Colorado,Central,Capitol Hill,80218,US,True,39.7340395,-104.9754778,America/Denver,(303) 24*-****,4,,TRUE,TRUE,,True,Denver,Colorado,US,http,http://potagerrestaurant.com,potagerrestaurant.com,potagerrestaurant.com,com,8055,2004-03-20,2027-03-20,"Register.com - Network Solutions, LLC",purchase_dataset@gmail.com,,1,1,0,Rustic dining room whose organic New American menu changes monthly to reflect what's market-fresh.,TRUE,TRUE,4.65,769,"{""1"": 27, ""2"": 18, ""3"": 29, ""4"": 57, ""5"": 645}","Outdoor seating, Onsite services, Dine-in","Great cocktails, Great coffee, Great dessert, Great wine list, Serves local specialty","Dinner, Solo dining","Wheelchair accessible entrance, Wheelchair accessible restroom, Wheelchair accessible seating","Beer, Cocktails, Coffee, Healthy options, Organic dishes, Small plates, Vegan options, Vegetarian options, Wine","Dinner, Dessert, Seating, Table service","Bar onsite, Restroom","Cozy, Romantic, Trendy, Upscale","Groups, Tourists","Dinner reservations recommended, Accepts reservations, Usually a wait","Credit cards, Debit cards, NFC mobile payments",,TRUE,TRUE,purchase_dataset@,TRUE,TRUE,5,2025-10-10,2026-01-30,181,69,24,181,181,69,69,https://www.instagram.com/potagerdenver,potagerdenver,https://www.facebook.com/p/potager-restaurant-100066587425114,potager-restaurant-100066587425114,https://twitter.com/potageratcarool,potageratcarool,,,https://www.linkedin.com/company/potager---a-kitchen-garden,potager---a-kitchen-garden,https://www.youtube.com/channel/ucfyjl7hp6jzv0rzi5cwtjea,ucfyjl7hp6jzv0rzi5cwtjea,,,,,,,8072,3.66,,6.66,3.73,3.66,1059,,,,,,,,,https://potagerrestaurant.com/menu.html,,,2026-04-09T02:54:34.993287+00:00,1.13,2.74,0.1,3671.32,14.5,56.551,2.66,93.0,96.2,90.6,0.8205,,0.5873,0.6735,0.7352,0.7545,0.9705,0.9119,79.4,86.8,,,,78.57,21.43,0.0,83.72,13.95,2.33,86.81,12.09,1.1,stable,declining,,-7.4,-0.1479,-8.5,0,14,43,91,-34.9,-38.5,-100.0,79.2,32.8,92,83,84.3,46.0,711,1341,1060,3755,7576,5554,147186,347946,206338,158315,711,138313,79,165559,142040,101,21004,192266,101,110142,431,2619,5203,13922,29156,734279,1460619,734279,0.7112,0.1362,0.5891,-0.1362,0.0331,0.7947,0.0743,0.3653,-0.0743,0.2569,0.7815,0.0668,0.6168,-0.0668,0.0054,100,78,100,138313,153881,165559,0.8106,0.7904,0.7778,0.7605,0.7545,46.7,1.37,784,24.6,0.5685,1.2,-1.26,-10,-22.5,0.252,142040,333509,21004,0.8079,0.5554,0.9723,0.3765,0.9705,51.8,0.93,2552,10.9,0.7722,-3.9,-0.82,-1778,-8.8,0.0483,192266,347653,110142,0.7394,Strong,0.5317,0.8532,0.4578,0.9119,Strong,52.4,0.91,1843,13.0,Strong,0.7422,-4.5,-0.8,-1069,-10.9,0.0783,79,101,101,715,22,competitive,0.0125,24.83,29.5,51.3,19.2,0.0,2826,1003,competitive,0.003,1.27,1.0,81.0,18.0,0.0,7273,5026,competitive,0.0042,0.32,2.0,78.0,19.0,1.0,0.0917,0.6828,-0.0917,-0.0606,100,101,894,1954,1175,0.6894,0.3048,0.598,0.4174,0.8632,52.5,0.94,2534,11.6,0.7898,-4.6,-0.83,-1760,-9.5,0.0307,competitive,0.003,0.25,0.0,82.0,18.0,0.0,0.5466,2.67,0.73,0.151,0.6818,-0.151,-0.0596,100,101,4805,9419,6311,0.6958,0.3899,0.6017,0.4143,0.8695,51.6,0.69,2512,8.7,0.8341,-3.7,-0.58,-1738,-6.6,-0.0136,competitive,0.0031,0.0004,1.11,0.09,0.5758,0.059,0.2307,-0.059,0.3915,791801,41.1,0.94,531,20.4,0.4595,6.8,-0.83,243,0.361,0.7031,0.353,0.7857,0.3942,0.8983,232885,0.6228,-18.3,492916,169468,44.5,8.8,0.0,46.7,791802,2387,54.5,4.15,485,22.7,0.4897,14.8,0.22,284,0.279,0.8206,0.4116,0.7343,0.329,0.7829,425,60.59,18.04,0.5025,2387,1.4,7155,1786,0.3542,3541.69,0.17,57737,21,0.0435,435.04,1.56,126.58,0.09,99.01,0.17,99.01,0.09,99.01,0.09,99.01,-32.8,-4.54,7,-88.6,-5.7,,,,,,0.06,-57180,0.082,0.79,138312,0.811,-0.18,119008,-0.159,0.78,142034,0.808,-0.15,96253,-0.121,0.71,192259,0.739,-0.23,459,-0.157,0.55,894,0.689,-0.22,2947,-0.182,0.58,4805,0.696,0.8205,,,769,0.07,2.0,0.5,0.537,decelerating,0.07,0.47,2.00,2,12,81,0.732,0.739,0.740,0.500,0.537,156567,163872,163540,5,15,decelerating,-0.20,,91.76
LTWKML3W,5280 Hibachi Japanese Grill & Catering,Food and Drink,Restaurants,Restaurant,Restaurant,"15200 E Colfax Ave Unit B, Aurora, CO 80011",15200 E Colfax Ave Unit B,Aurora,Colorado,Chambers Heights,Chambers Heights,80011,US,True,39.7379727,-104.8113814,America/Denver,(720) 43*-****,0,OPERATIONAL,TRUE,FALSE,,True,Aurora,Colorado,US,https,https://5280hibachi.com,5280hibachi.com,5280hibachi.com,com,899,2023-10-23,2026-10-23,"GoDaddy.com, LLC",,,0,0,0,,TRUE,FALSE,3.0,2,"{""1"": 2, ""2"": 0, ""3"": 0, ""4"": 0, ""5"": 2}","Curbside pickup, No-contact delivery, Delivery, Takeout, Dine-in",,"Dinner, Solo dining","Wheelchair accessible entrance, Wheelchair accessible parking lot",Comfort food,Dinner,,Casual,,Accepts reservations,"Credit cards, Debit cards",Kids' menu,FALSE,TRUE,purchase_dataset@,FALSE,TRUE,0,,,,,,,,,,,,,,,,,,,,,,,,,,,,,,,,,,,,,,,,,,,,,,2026-04-08T22:42:05.866088+00:00,0.0,0.0,6.1,5218.47,137.5,111.479,1.44,60.0,15.9,50.0,-0.0002,,-0.0002,-0.0002,-0.0002,0.1324,0.3512,0.58,50.0,50.0,,,,50.0,50.0,0.0,50.0,50.0,0.0,50.0,50.0,0.0,stable,stable,,0.0,0.0,0.0,0,2,2,2,100.0,300.0,-100.0,33.4,9.5,0,33,35.0,46.0,1083,2127,2228,12534,26075,26891,648732,1295795,1306255,699756,1083,662453,62,604914,194655,101,118241,213810,101,141294,1438,1204,2416,13922,29156,734279,1460619,734279,0.7244,0.1191,0.4994,-0.1191,-0.4996,0.2579,0.1062,0.0964,-0.1062,-0.0966,0.7564,0.1008,0.3151,-0.1008,-0.3153,100,61,100,662453,352140,604914,0.1105,0.5231,0.1893,0.6334,0.1324,34.5,0.77,281,19.6,0.3542,-1.0,2.23,-279,30.4,-0.3544,194655,228850,118241,0.7369,0.6948,0.8439,0.6142,0.3512,50.6,1.25,1477,18.4,0.5212,-17.1,1.75,-1475,31.6,-0.5214,213810,253822,141294,0.7082,Below Average,0.6586,0.8117,0.557,0.58,Strong,51.9,1.2,1707,16.1,Strong,0.6432,-18.4,1.8,-1705,33.9,-0.6434,62,101,101,302,5,competitive,0.0001,19.42,68.9,26.2,4.9,0.0,3577,1043,competitive,0.0,1.27,12.0,67.0,21.0,0.0,7780,5012,competitive,0.0,0.32,4.0,70.0,26.0,0.0,0.1078,0.5602,-0.1078,-0.5604,100,101,945,255,1219,0.3019,0.8115,0.0788,0.8225,0.0714,53.3,1.34,2016,17.2,0.658,-19.8,1.66,-2014,32.8,-0.6582,competitive,0.0,0.23,1.0,70.0,29.0,0.0,0.3878,1.44,1.38,0.1422,0.6962,-0.1422,-0.6964,100,101,11357,3283,15375,0.2836,0.7921,0.0261,0.8201,0.0613,51.7,0.72,2532,9.0,0.8379,-18.2,2.28,-2530,41.0,-0.8381,competitive,0.0,0.0004,1.11,0.09,0.3589,0.059,0.2307,-0.059,-0.2309,791801,41.1,0.94,531,20.4,0.4595,-7.6,2.06,-529,-0.4597,0.3024,0.7888,0.1152,0.7759,0.039,550615,0.3922,29.6,165105,688718,44.5,8.8,0.0,46.7,791802,1079,52.0,4.03,439,20.8,0.4353,-2.1,-1.03,-437,0.5647,0.3534,0.0909,0.0974,0.7681,0.9759,696,58.67,41.33,0.9657,1079,2.59,3863,906,0.5218,5218.47,0.17,57737,21,0.0438,438.49,0.0,161.29,0.0,99.01,0.0,99.01,0.0,99.01,0.0,99.01,-18.2,0.0,0,0.0,-42.9,,,,,,0.15,-39185,0.063,0.26,662453,0.111,0.22,-159200,0.215,0.76,194655,0.737,0.08,-66441,0.095,0.72,213810,0.708,0.25,-155,0.121,0.39,945,0.302,0.26,-2033,0.144,0.36,11357,0.284,-0.0002,,,2,0.0,0.0,0.0,0.0,decelerating,0.03,0.23,1.00,1,2,2,0.281,0.292,0.294,0.267,0.230,528654,556970,554104,152,1415,accelerating,0.00,,0.0
455E4WDR,Ho Mei Chinese Restaurant,Food and Drink,Restaurants,Chinese restaurant,Chinese restaurant,"3790 Peoria St, Denver, CO 80239",3790 Peoria St,Denver,Colorado,Central Park,Stapleton,80239,US,True,39.7692404,-104.84668049999999,America/Denver,(720) 46*-****,2,OPERATIONAL,TRUE,TRUE,,True,Denver,Colorado,US,,,,,,,,,,,,0,0,0,Casual local chain outlet offering a menu of traditional American-friendly Chinese dishes.,TRUE,TRUE,3.34,991,"{""1"": 258, ""2"": 65, ""3"": 137, ""4"": 169, ""5"": 432}","Delivery, Onsite services, Takeout, Dine-in",,"Lunch, Dinner, Solo dining","Wheelchair accessible entrance, Wheelchair accessible parking lot, Wheelchair accessible restroom, Wheelchair accessible seating","Comfort food, Quick bite, Small plates","Lunch, Dinner, Counter service",Restroom,Casual,"Groups, Tourists",,"Credit cards, Debit cards, NFC mobile payments",Good for kids,TRUE,FALSE,purchase_dataset@,FALSE,TRUE,0,,,,,,,,,,,,,,,,,,,,,,,,,,,,,,,,,,,,,,,,,,,https://places.singleplatform.com/ho-mei-3/menu,,,2026-04-08T22:07:04.057324+00:00,0.0,2.7,6.1,3538.62,73.7,56.551,2.66,66.8,99.9,54.3,0.1667,,0.7923,0.2235,-0.0046,0.3253,0.3969,0.5965,89.6,49.8,,,,85.71,0.0,14.29,57.14,33.33,9.52,45.45,45.45,9.09,stable,improving,,39.8,0.7969,79.9,0,7,21,55,-33.3,-49.1,-100.0,56.2,42.8,0,33,84.6,46.0,540,4430,774,2702,24784,3889,99650,1243392,137621,108080,540,534758,56,571876,250404,101,127671,166512,101,156401,1379,2619,5203,13922,29156,734279,1460619,734279,0.7447,0.1032,0.5082,-0.1032,0.3404,0.4141,0.0512,0.1078,-0.0512,0.7408,0.7054,0.0747,0.3344,-0.0747,0.5142,100,55,100,534758,164983,571876,0.2785,0.7754,0.2335,0.8285,0.3253,38.4,1.33,315,27.8,0.434,-2.9,-1.23,735,-26.2,-0.2673,250404,273473,127671,0.6634,0.6353,0.8314,0.5506,0.3969,49.5,1.1,1437,16.1,0.5344,-14.0,-1.0,-387,-14.5,-0.3677,166512,253822,156401,0.7742,Average,0.6586,0.7915,0.5647,0.5965,Strong,53.2,1.2,1649,16.4,Strong,0.6479,-17.7,-1.1,-599,-14.8,-0.4812,56,101,101,792,47,competitive,0.0572,17.51,63.6,25.5,10.9,0.0,3730,1199,competitive,0.0073,1.27,11.0,70.0,19.0,0.0,8209,5656,competitive,0.0063,0.32,4.0,70.0,26.0,0.0,0.0919,0.6786,-0.0919,0.17,100,101,2015,2340,814,0.3089,0.1786,0.7212,0.3168,0.2258,52.7,0.98,2532,12.1,0.7916,-17.2,-0.88,-1482,-10.5,-0.6249,competitive,0.0041,0.25,0.0,81.0,19.0,0.0,0.3935,2.67,0.74,0.1457,0.6808,-0.1457,0.1678,100,101,10527,9703,4204,0.3359,0.3668,0.7355,0.3505,0.2007,51.6,0.69,2507,8.7,0.834,-16.1,-0.59,-1457,-7.1,-0.6673,competitive,0.0042,0.0004,1.11,0.09,0.4651,0.059,0.2307,-0.059,0.6179,791801,41.1,0.94,531,20.4,0.4595,-5.6,-0.84,519,-0.2928,0.348,0.326,0.8516,0.3214,0.217,514292,0.4925,-18.8,512321,117362,44.5,8.8,0.0,46.7,791802,2387,54.5,4.15,485,22.7,0.4897,-2.3,-0.38,506,-0.321,0.347,0.1764,0.7963,0.2745,0.2163,1556,60.59,7.0,0.3973,2387,1.4,7155,1786,0.3539,3538.62,0.17,57737,21,0.0434,434.28,32.72,178.57,0.53,99.01,0.4,99.01,0.17,99.01,0.17,99.01,-18.2,-3.23,65,-52.5,15.4,,,,,,0.19,-118520,0.167,0.41,534757,0.279,0.14,-73161,0.102,0.71,250395,0.663,0.08,-64993,0.096,0.74,166488,0.774,0.04,-300,0.113,0.39,2015,0.309,0.12,-2405,0.168,0.47,10527,0.336,0.1667,,,991,0.07,2.0,0.754,0.666,stable,0.07,0.47,2.00,2,5,42,0.732,0.739,0.740,0.754,0.666,156567,163872,163540,10,66,stable,0.00,,66.26
YUUM35A8,Pork Chop King,Food and Drink,Restaurants,Restaurant,Restaurant,"34501 E Quincy Ave, Watkins, CO 80137",34501 E Quincy Ave,Watkins,Colorado,,,80137,US,True,39.6423898,-104.5823571,America/Denver,(720) 29*-****,0,CLOSED_TEMPORARILY,FALSE,FALSE,Watkins,False,Watkins,Colorado,US,,,,,,,,,,,,0,0,0,,TRUE,FALSE,4.74,19,"{""1"": 1, ""2"": 0, ""3"": 0, ""4"": 1, ""5"": 17}",Dine-in,,,,Comfort food,,,,,,,Good for kids,FALSE,FALSE,purchase_dataset@,FALSE,TRUE,0,,,,,,,,,,,,,,,,,,,,,,,,,,,,,,,,,,,,,,,,,,,,,,2026-04-08T21:59:28.925437+00:00,0.0,,1.2,1143.7,646.8,181.8182,0.2,94.8,43.4,94.7,,,,,,0.0032,0.0078,0.4013,,,,,,,,,,,,,,,,,,,,,,,,,,,,51.9,19.5,0,17,50.0,46.0,3,2,5,11232,5874,23143,574751,269937,1095767,618910,3,525663,2,744278,734047,3,757224,16449,2,736878,348,3,7,13922,29156,734279,1460619,734279,0.6963,0.0,0.522,0.0,-0.522,0.1162,0.0,0.0,0.0,0.0,0.3071,0.0,0.0,0.0,0.0,1,1,2,525663,739910,744278,0.2905,0.0,0.0,0.984,0.0032,38.6,0.0,0,50.0,0.0,6.0,3.68,19,23.7,0.0,734047,14403,757224,0.0314,0.9803,0.0015,0.9927,0.0078,35.5,2.5,1,50.0,0.1983,9.1,1.18,18,23.7,-0.1983,16449,812,736878,0.9771,Emerging,0.9989,0.0192,0.9992,0.4013,Below Average,61.4,4.12,73,83.6,Strong,0.5865,-16.8,-0.44,-54,-9.9,-0.5865,2,3,2,502,502,concentrated,1.0,0.32,100.0,0.0,0.0,0.0,4423,3980,concentrated,0.9048,0.03,50.0,50.0,0.0,0.0,8918,8918,concentrated,0.2065,0.0,0.0,0.0,100.0,0.0,0.0,0.0,0.0,0.0,1,2,2,2,2,0.5,0.5,0.5,0.5,0.0,44.3,3.11,78,64.1,0.4555,0.3,0.57,-59,9.6,-0.4555,concentrated,0.1959,0.02,0.0,100.0,0.0,0.0,0.5,0.25,6.5,0.1422,0.6949,-0.1422,-0.6949,100,101,6241,2020,14249,0.6047,0.8719,0.1001,0.9735,0.0649,51.6,0.7,2532,8.5,0.8379,-7.0,2.98,-2513,65.2,-0.8379,competitive,0.0001,0.0004,1.11,0.09,0.5335,0.059,0.2307,-0.059,-0.2307,791801,41.1,0.94,531,20.4,0.4595,3.5,2.74,-512,-0.4595,0.6046,0.8527,0.2159,0.976,0.0391,310542,0.5624,53.3,116112,618459,44.5,8.8,0.0,46.7,791802,2,49.7,4.66,49,68.5,0.2278,-0.9,0.01,-30,-0.2278,0.0,1.0,0.0,1.0,0.0,2,0.0,0.0,0.0,2,14.66,682,11,0.1144,1143.7,0.17,57737,21,0.0439,438.52,10000.0,5000.0,8185.94,3333.33,426.51,5000.0,383.68,5000.0,0.0,99.01,-9.4,-1.06,0,-21.0,0.0,,,,,,0.11,-209327,0.287,0.12,525663,0.291,0.0,-8544,0.024,0.31,734047,0.031,0.28,-516427,0.698,0.7,16449,0.977,0.0,0,0.0,0.5,2,0.5,0.17,-6602,0.432,0.53,6241,0.605,,,,,,,,,,,,,,,,,,,,,,,,,,,,,
8E5XTGYD,Lulu's Taters,Food and Drink,Restaurants,Mobile caterer,Mobile caterer,"1105 Grant Ave, Loveland, CO 80537",1105 Grant Ave,Loveland,Colorado,,,80537,US,True,40.4038907,-105.079386,America/Denver,(303) 58*-****,0,,TRUE,FALSE,,True,Loveland,Colorado,US,https,https://lulustaters.com,lulustaters.com,lulustaters.com,com,704,2024-05-05,2026-05-05,Squarespace Domains LLC,purchase_dataset@gmail.com,,1,1,0,,TRUE,FALSE,5.0,6,"{""1"": 0, ""2"": 0, ""3"": 0, ""4"": 0, ""5"": 5}","Delivery, Takeout",,,"Wheelchair accessible entrance, Wheelchair accessible parking lot",,,,,,,"Credit cards, Debit cards",,TRUE,TRUE,purchase_dataset@,TRUE,TRUE,4,2024-11-07,2026-01-30,518,69,42,518,518,69,69,https://www.instagram.com/lulustaters,lulustaters,https://www.facebook.com/lulu.s.tater.truck,lulu.s.tater.truck,,,https://www.tiktok.com/@lulus.eats,lulus.eats,,,https://www.youtube.com/channel/ucqidx0nedtafrvdvybsvrwa,ucqidx0nedtafrvdvybsvrwa,,,,,,,332,3.54,,4.52,3.54,3.54,123,50,27,1011,1.71,,,,,https://lulustaters.com/menu,,,2026-04-08T18:55:59.209303+00:00,0.43,0.0,0.6,21634.97,167.8,127.8481,0.29,100.0,28.2,100.0,0.4878,,,,0.4933,0.4628,0.4034,0.0442,,74.7,,,,,,,,,,100.0,0.0,0.0,stable,stable,,,,,0,0,0,2,,-100.0,,65.6,19.5,84,67,50.0,46.0,260,23,624,11963,946,25187,613978,40668,1212060,661664,260,128700,20,156808,260244,101,365320,584117,89,453665,66,288,702,13922,29156,734279,1460619,734279,0.3834,0.0424,0.2384,-0.0424,-0.2384,0.7955,-0.0444,0.2683,0.0444,-0.2683,0.6333,0.0702,0.3349,-0.0702,-0.3349,88,19,100,128700,173430,156808,0.8236,0.7642,0.7895,0.7468,0.4628,47.0,1.3,802,24.0,0.4753,18.7,3.7,-796,76.0,0.0125,260244,205539,365320,0.6506,0.7259,0.5177,0.6878,0.4034,49.3,1.34,876,21.5,0.5362,16.4,3.66,-870,78.5,-0.0484,584117,304866,453665,0.2195,Strong,0.5897,0.3957,0.583,0.0442,Average,44.5,1.03,943,17.1,Below Average,0.3749,21.2,3.97,-937,82.9,0.1129,20,101,89,798,564,competitive,0.0004,6.05,42.1,36.8,21.1,0.0,2213,1002,competitive,0.0001,1.27,18.0,64.0,18.0,0.0,7539,5008,competitive,0.0001,0.28,31.8,51.1,17.0,0.0,0.0686,0.511,-0.0686,-0.511,100,101,22,17,292,0.9335,0.9517,0.1208,0.997,0.4743,51.6,1.21,1596,18.1,0.6269,14.1,3.79,-1590,81.9,-0.1391,competitive,0.0,1.03,6.0,71.0,23.0,0.0,0.6952,0.29,6.76,0.151,0.6951,-0.151,-0.6951,100,101,866,1087,15044,0.9448,0.9315,0.0491,0.9956,0.4348,51.8,0.73,2532,9.1,0.8343,13.9,4.27,-2526,90.9,-0.3465,competitive,0.0,0.0004,1.11,0.09,0.6721,0.059,0.2307,-0.059,-0.2307,791801,41.1,0.94,531,20.4,0.4595,24.6,4.06,-525,0.0283,0.9624,0.903,0.159,0.9938,0.4648,29195,0.7035,79.6,72259,660600,44.5,8.8,0.0,46.7,791802,254,57.2,4.06,586,22.1,0.496,8.7,0.94,-580,0.504,0.6917,0.8103,0.1028,0.996,0.9921,79,67.0,33.0,0.996,254,13.09,764,790,2.0895,20895.28,0.17,57737,21,0.0439,438.56,0.0,500.0,0.0,99.01,0.0,112.36,0.0,99.01,0.0,99.01,-2.0,0.0,0,0.0,0.0,,,,,,0.18,-172209,0.239,0.8,128700,0.824,0.19,-139687,0.19,0.63,260244,0.651,0.23,-58982,0.089,0.38,584117,0.22,0.22,-173,0.524,0.7,22,0.934,0.21,-7402,0.479,0.67,866,0.945,0.4878,,,6,0.0,0.0,0.0,0.0,stable,0.00,0.00,0.00,0,0,4,,,,0.000,0.000,,,,1,35,stable,,,0.0
